0.0,0.0
-5.221011468534487e-06,0.02763654842561367
-9.966363300677967e-06,0.05527309685122734
-7.830273034730536e-06,0.08290964527684101
1.107284383968999e-07,0.11054619370245468
1.010192828006911e-05,0.13818274212806836
1.8364109449776227e-05,0.16581929055368202
2.2326384896914456e-05,0.1934558389792957
2.0973507995954188e-05,0.22109238740490936
1.4689469609274806e-05,0.24872893583052302
4.859935766525843e-06,0.2763654842561367
-6.594742681473427e-06,0.30400203268175036
-1.765174565527194e-05,0.33163858110736405
-2.6527749610241943e-05,0.3592751295329777
-3.19089790681022e-05,0.3869116779585914
-3.306988885751907e-05,0.414548226384205
-2.989442215786888e-05,0.4421847748098187
-2.282069608762473e-05,0.4698213232354324
-1.2732267584308036e-05,0.49745787166104605
-8.183368107611436e-07,0.5250944200866597
1.1577467841352546e-05,0.5527309685122734
2.3103814374437473e-05,0.580367516937887
3.253209340305021e-05,0.6080040653635007
3.886274488235558e-05,0.6356406137891144
4.1403297789131864e-05,0.6632771622147281
3.981698146269142e-05,0.6909137106403418
3.414316853071178e-05,0.7185502590659554
2.4792658222189037e-05,0.7461868074915691
1.2521947099950912e-05,0.7738233559171828
-1.6087651484950755e-06,0.8014599043427965
-1.628893398302714e-05,0.82909645276841
-3.0017688983715587e-05,0.8567330011940237
-4.116626352397871e-05,0.8843695496196374
-4.803920675845166e-05,0.9120060980452511
-4.8931462720435207e-05,0.9396426464708648
-4.217914222386836e-05,0.9672791948964784
-2.6202531519838902e-05,0.9949157433220921
4.594599468262482e-07,1.0225522917477057
3.912363688449551e-05,1.0501888401733195
9.094539072637166e-05,1.077825388598933
0.00015690948831074015,1.1054619370245469
0.0002378278914926136,1.1330984854501605
0.00033434355257507594,1.160735033875774
0.00044693904584993966,1.1883715823013878
0.0005759488831993701,1.2160081307270014
0.0007215744075075815,1.2436446791526152
0.0008839002473949994,1.2712812275782288
0.00106291143707209,1.2989177760038424
0.0012585104437530647,1.3265543244294562
0.0014705334915461592,1.3541908728550698
0.0016987657163509253,1.3818274212806836
0.0019429548242262708,1.4094639697062972
0.002202823050947153,1.4371005181319108
0.002478077329722668,1.4647370665575246
0.0027684176654654957,1.4923736149831381
0.003073543786998402,1.5200101634087517
0.0033931602035854377,1.5476467118343655
0.003726979830384553,1.5752832602599791
0.004074726370581738,1.602919808685593
0.004436135652176177,1.6305563571112065
0.0048109561168994345,1.65819290553682
0.0051989486498510516,1.6858294539624339
0.005599885923306118,1.7134660023880475
0.006013551408808406,1.7411025508136613
0.0064397381898804625,1.7687390992392749
0.006878247684966438,1.7963756476648884
0.0073288883677976695,1.8240121960905022
0.007791474551180875,1.8516487445161158
0.008265825280935774,1.8792852929417296
0.008751763369797832,1.9069218413673432
0.009249114586790737,1.9345583897929568
0.00975770700592694,1.9621949382185706
0.01027737050904181,1.9898314866441842
0.010807936430930837,2.0174680350697978
0.011349237330491833,2.0451045834954114
0.011901106868981439,2.0727411319210254
0.012463379775462918,2.100377680346639
0.013035891879734302,2.1280142287722525
0.01361848019417979,2.155650777197866
0.014210983027805074,2.1832873256234797
0.014813240117954212,2.2109238740490937
0.01542509276765247,2.2385604224747073
0.016046383979006172,2.266196970900321
0.016676958575483975,2.2938335193259345
0.01731666330810657,2.321470067751548
0.01796534694251842,2.349106616177162
0.018622860325567706,2.3767431646027757
0.019289056431364394,2.4043797130283893
0.01996379038782622,2.432016261454003
0.020646919485475094,2.4596528098796164
0.021338303170741858,2.4872893583052305
0.02203780302630777,2.514925906730844
0.022745282741096527,2.5425624551564576
0.023460608072466763,2.570199003582071
0.024183646802980845,2.597835552007685
0.02491426869387336,2.625472100433299
0.025652345437043245,2.6531086488589124
0.026397750607072088,2.680745197284526
0.027150359614447946,2.7083817457101396
0.027910049660866548,2.736018294135753
0.028676699697199833,2.763654842561367
0.029450190384475577,2.7912913909869808
0.03023040405800269,2.8189279394125943
0.03101722469460933,2.846564487838208
0.031810537882831835,2.8742010362638215
0.03261023079580015,2.9018375846894355
0.03341619216650666,2.929474133115049
0.03422831226511386,2.9571106815406627
0.03504648287794963,2.9847472299662763
0.03587059728784939,3.01238377839189
0.03670055025552979,3.0400203268175034
0.03753623800171309,3.0676568752431175
0.03837755818976117,3.095293423668731
0.0392244099086212,3.1229299720943446
0.04007669365592688,3.1505665205199582
0.04093431132113981,3.178203068945572
0.041797166168651895,3.205839617371186
0.04266516282080162,3.2334761657967994
0.043538207240784,3.261112714222413
0.04441620671545554,3.2887492626480266
0.04529906983805209,3.31638581107364
0.046186706490848994,3.344022359499254
0.04707902782780078,3.3716589079248678
0.0479759462572011,3.3992954563504814
0.04887737542440454,3.426932004776095
0.049783230194650696,3.4545685532017085
0.05069342663602715,3.4822051016273226
0.0516078820026038,3.509841650052936
0.052526514717765704,3.5374781984785497
0.05344924435776621,3.5651147469041633
0.05437599163551661,3.592751295329777
0.05530667838462341,3.620387843755391
0.0562412275436798,3.6480243921810045
0.05717956314081387,3.675660940606618
0.0581216102784924,3.7032974890322317
0.05906729511857675,3.7309340374578452
0.060016544867625206,3.7585705858834593
0.06096928776243467,3.786207134309073
0.061925453055813526,3.8138436827346864
0.06288497100257764,3.8414802311603
0.06384777284576049,3.8691167795859136
0.06481379080302986,3.8967533280115276
0.06578295805330284,3.924389876437141
0.0667552087235524,3.952026424862755
0.0677304778757988,3.9796629732883684
0.0687087014942808,4.007299521713982
0.06968981647280091,4.0349360701395955
0.07067376060224137,4.062572618565209
0.07166047255824672,4.090209166990823
0.07264989188906992,4.117845715416437
0.07364195900358013,4.145482263842051
0.07463661515942902,4.173118812267664
0.07563380245137452,4.200755360693278
0.07663346379976001,4.2283919091188915
0.07763554293914735,4.256028457544505
0.07863998440710267,4.283665005970119
0.07964673353313306,4.311301554395732
0.08065573642777325,4.338938102821346
0.08166693997182037,4.366574651246959
0.08268029180571575,4.394211199672574
0.08369574031907188,4.4218477480981875
0.08471323464034322,4.449484296523801
0.08573272462663889,4.477120844949415
0.08675416085367582,4.504757393375028
0.08777749460587034,4.532393941800642
0.08880267786656655,4.560030490226255
0.08982966330839956,4.587667038651869
0.09085840428379183,4.615303587077483
0.09188885481558051,4.642940135503096
0.09292096958777432,4.670576683928711
0.0939547039364376,4.698213232354324
0.0949900138407002,4.725849780779938
0.09602685591389094,4.753486329205551
0.09706518739479333,4.781122877631165
0.0981049661390213,4.8087594260567785
0.0991461506105135,4.836395974482392
0.10018869987314466,4.864032522908006
0.10123257358245179,4.891669071333619
0.10227773197747422,4.919305619759233
0.10332413587270547,4.9469421681848464
0.10437174665015565,4.974578716610461
0.10542052625152262,5.0022152650360745
0.1064704371704707,5.029851813461688
0.10752144244501513,5.057488361887302
0.10857350565001124,5.085124910312915
0.10962659088974647,5.112761458738529
0.11068066279063403,5.140398007164142
0.11173568649400709,5.168034555589756
0.11279162764901146,5.19567110401537
0.11384845240559632,5.223307652440983
0.11490612740760059,5.250944200866598
0.11596461978593478,5.278580749292211
0.11702389715185611,5.306217297717825
0.11808392759033606,5.333853846143438
0.11914467965351908,5.361490394569052
0.12020612235427099,5.3891269429946655
0.121268225159816,5.416763491420279
0.1223309579854614,5.444400039845893
0.12339429118840795,5.472036588271506
0.12445819556164567,5.49967313669712
0.12552264232793336,5.527309685122734
0.12658760313386067,5.554946233548348
0.12765305004399188,5.5825827819739615
0.12871895553509016,5.610219330399575
0.12978529249042087,5.637855878825189
0.13085203419413344,5.665492427250802
0.13191915432572013,5.693128975676416
0.1329866269545511,5.720765524102029
0.13405442653448435,5.748402072527643
0.1351225278985498,5.776038620953257
0.13619090625370647,5.803675169378871
0.13725953717567127,5.831311717804485
0.13832839660381932,5.858948266230098
0.13939746083615404,5.886584814655712
0.14046670652434612,5.914221363081325
0.14153611066884123,5.941857911506939
0.14260565061403416,5.969494459932553
0.14367530404350987,5.997131008358166
0.1447450489753495,6.02476755678378
0.1458148637575011,6.052404105209393
0.14688472706321384,6.080040653635007
0.14795461788653477,6.107677202060621
0.14902451553786789,6.135313750486235
0.1500943996395936,6.1629502989118485
0.15116425012174883,6.190586847337462
0.15223404721776634,6.218223395763076
0.15330377146027244,6.245859944188689
0.15437340367694247,6.273496492614303
0.1554429249864133,6.3011330410399164
0.15651231679425207,6.32876958946553
0.1575815607889799,6.356406137891144
0.15865063893815068,6.384042686316758
0.1597195334844835,6.411679234742372
0.16078822694204814,6.439315783167985
0.16185670209250325,6.466952331593599
0.16292494198138574,6.494588880019212
0.1639929299144517,6.522225428444826
0.16506064945406712,6.54986197687044
0.16612808441564855,6.577498525296053
0.16719521886415228,6.605135073721667
0.16826203711061208,6.63277162214728
0.16932852370872445,6.660408170572895
0.17039466345148063,6.688044718998508
0.17146044136784497,6.715681267424122
0.17252584271947896,6.7433178158497356
0.1735908529975103,6.770954364275349
0.17465545791934625,6.798590912700963
0.17571964342553079,6.826227461126576
0.17678339567664508,6.85386400955219
0.1778467010502503,6.8815005579778035
0.17890954613787285,6.909137106403417
0.17997191774203045,6.9367736548290315
0.1810338028732996,6.964410203254645
0.182095188747423,6.992046751680259
0.183156062782457,7.019683300105872
0.18421641259595786,7.047319848531486
0.18527622600220722,7.074956396957099
0.1863354910094751,7.102592945382713
0.18739419581732097,7.130229493808327
0.18845232881393165,7.15786604223394
0.18950987857349594,7.185502590659554
0.19056683385361511,7.213139139085167
0.19162318359274955,7.240775687510782
0.19267891690769945,7.268412235936395
0.19373402309112142,7.296048784362009
0.19478849160907816,7.323685332787623
0.1958423120986223,7.351321881213236
0.1968954743654134,7.37895842963885
0.1979479683813677,7.406594978064463
0.1989997842823401,7.434231526490077
0.20005091236583797,7.4618680749156905
0.20110134308876676,7.489504623341304
0.20215106706520578,7.5171411717669185
0.20320007506421567,7.544777720192532
0.20424835800767488,7.572414268618146
0.2052959069681467,7.600050817043759
0.2063427131667754,7.627687365469373
0.20738876797121097,7.6553239138949865
0.20843406289356273,7.6829604623206
0.20947858958838117,7.710597010746214
0.2105223398506671,7.738233559171827
0.21156530561390857,7.765870107597441
0.2126074789481445,7.793506656023055
0.21364885205805523,7.821143204448669
0.21468941728107904,7.848779752874282
0.2157291670855547,7.876416301299896
0.21676809406888947,7.90405284972551
0.2178061909557526,7.931689398151123
0.21884345059629307,7.959325946576737
0.21987986596438247,7.98696249500235
0.22091543015588178,8.014599043427964
0.22195013638693178,8.042235591853578
0.22298397799226732,8.069872140279191
0.2240169484235545,8.097508688704805
0.225049041247751,8.125145237130418
0.22608025014548863,8.152781785556032
0.2271105689094783,8.180418333981645
0.22813999144293717,8.20805488240726
0.22916851175803674,8.235691430832874
0.2301961239743731,8.263327979258488
0.2312228223174577,8.290964527684102
0.23224860111722903,8.318601076109715
0.2332734548065848,8.346237624535329
0.23429737791993413,8.373874172960942
0.23532036509177012,8.401510721386556
0.23634241105526155,8.42914726981217
0.23736351064086392,8.456783818237783
0.2383836587749504,8.484420366663397
0.23940285047846036,8.51205691508901
0.24042108086556785,8.539693463514624
0.2414383451423672,8.567330011940237
0.2424546386055774,8.594966560365851
0.24346995664126433,8.622603108791465
0.24448429472358016,8.650239657217078
0.24549764841352034,8.677876205642692
0.24651001335769765,8.705512754068305
0.24752138528713347,8.733149302493919
0.24853176001606478,8.760785850919532
0.24954113344076875,8.788422399345148
0.2505495015384025,8.816058947770761
0.2515568603658594,8.843695496196375
0.25256320605864097,8.871332044621989
0.25356853482974423,8.898968593047602
0.2545728429685647,8.926605141473216
0.2555761268398138,8.95424168989883
0.25657838288245166,8.981878238324443
0.2575796076086351,9.009514786750056
0.25857979760267874,9.03715133517567
0.2595789495200318,9.064787883601284
0.2605770600862682,9.092424432026897
0.2615741260960906,9.12006098045251
0.26257014441234866,9.147697528878124
0.2635651119650703,9.175334077303738
0.2645590257505066,9.202970625729352
0.26555188283018927,9.230607174154965
0.2665436803300023,9.258243722580579
0.26753441543926504,9.285880271006192
0.26852408540982897,9.313516819431806
0.2695126875551861,9.341153367857421
0.2705002192495903,9.368789916283035
0.27148667792719033,9.396426464708648
0.27247206108117494,9.424063013134262
0.27345636626292974,9.451699561559876
0.27443959108120586,9.47933610998549
0.27542173320129953,9.506972658411103
0.2764027903442438,9.534609206836716
0.27738276028601044,9.56224575526233
0.2783616408567239,9.589882303687943
0.2793394299398847,9.617518852113557
0.28031612547160534,9.64515540053917
0.28129172543985503,9.672791948964784
0.28226622788371575,9.700428497390398
0.2832396308926484,9.728065045816011
0.28421193260576927,9.755701594241625
0.28518313121113564,9.783338142667239
0.2861532249450424,9.810974691092852
0.28712221209132754,9.838611239518466
0.28809009098068755,9.86624778794408
0.2890568599900022,9.893884336369693
0.29002251754166847,9.921520884795308
0.29098706210294395,9.949157433220922
0.2919504921852992,9.976793981646535
0.292912806343779,10.004430530072149
0.293874003176372,10.032067078497763
0.29483408132339023,10.059703626923376
0.2957930394668556,10.08734017534899
0.2967508763298963,10.114976723774603
0.2977075906761507,10.142613272200217
0.29866318130917946,10.17024982062583
0.2996176470718862,10.197886369051444
0.30057098684594596,10.225522917477058
0.3015231995512414,10.253159465902671
0.30247428414530697,10.280796014328285
0.30342423962278053,10.308432562753898
0.3043730650148629,10.336069111179512
0.30532075938878467,10.363705659605126
0.30626732184728006,10.39134220803074
0.3072127515280687,10.418978756456353
0.308157047603344,10.446615304881966
0.3091002092792689,10.474251853307582
0.3100422357954783,10.501888401733195
0.3109831264245889,10.529524950158809
0.31192288047171496,10.557161498584422
0.3128614972739916,10.584798047010036
0.3137989762001042,10.61243459543565
0.3147353166498247,10.640071143861263
0.31567051805355334,10.667707692286877
0.316604579871868,10.69534424071249
0.3175375015950793,10.722980789138104
0.31846928274279107,10.750617337563718
0.3193999228634681,10.778253885989331
0.32032942153400934,10.805890434414945
0.32125777835932673,10.833526982840558
0.3221849929719301,10.861163531266172
0.32311106503151804,10.888800079691785
0.3240359942245741,10.916436628117399
0.32495978026396855,10.944073176543013
0.325882422888566,10.971709724968626
0.326803921862838,10.99934627339424
0.3277242769764815,11.026982821819853
0.32864348804404186,11.054619370245469
0.329561554904542,11.082255918671082
0.33047847742111575,11.109892467096696
0.3313942554806473,11.13752901552231
0.33230888899341454,11.165165563947923
0.3332223778927381,11.192802112373537
0.3341347221346348,11.22043866079915
0.3350459216974766,11.248075209224764
0.33595597658165316,11.275711757650377
0.3368648868092401,11.303348306075991
0.3377726524236714,11.330984854501605
0.33867927348941607,11.358621402927218
0.3395847500916602,11.386257951352832
0.34048908233599223,11.413894499778445
0.34139227034809344,11.441531048204059
0.34229431427343254,11.469167596629672
0.3431952142769643,11.496804145055286
0.3440949705428325,11.5244406934809
0.3449935832740769,11.552077241906513
0.34589105269234455,11.579713790332127
0.3467873790376046,11.607350338757742
0.34768256256786767,11.634986887183356
0.3485766035589086,11.66262343560897
0.34946950230399326,11.690259984034583
0.35036125911360916,11.717896532460196
0.3512518743151999,11.74553308088581
0.35214134825290294,11.773169629311424
0.35302968128729156,11.800806177737037
0.3539168737951197,11.82844272616265
0.3548029261690711,11.856079274588264
0.3556878388175114,11.883715823013878
0.3565716121642437,11.911352371439492
0.357454246648268,11.938988919865105
0.3583357427235432,11.966625468290719
0.3592161008587531,11.994262016716332
0.36009532153707563,12.021898565141946
0.3609734052559544,12.04953511356756
0.36185035252687464,12.077171661993173
0.3627261638751415,12.104808210418787
0.36360083983966157,12.1324447588444
0.3644743809727275,12.160081307270014
0.3653467878398056,12.18771785569563
0.3662180610193265,12.215354404121243
0.3670882011024786,12.242990952546856
0.36795720869300425,12.27062750097247
0.3688250844069991,12.298264049398083
0.369691828872714,12.325900597823697
0.3705574427303599,12.35353714624931
0.37142192663191487,12.381173694674924
0.37228528124093463,12.408810243100538
0.37314750723236534,12.436446791526151
0.3740086052923587,12.464083339951765
0.37486857611809,12.491719888377379
0.37572742041757895,12.519356436802992
0.37658513890951206,12.546992985228606
0.37744173232306877,12.57462953365422
0.3782972013977487,12.602266082079833
0.37915154688320263,12.629902630505446
0.3800047695390645,12.65753917893106
0.380856870134787,12.685175727356674
0.3817078494494783,12.712812275782287
0.3825577082717421,12.740448824207903
0.3834064473995194,12.768085372633516
0.3842540676399323,12.79572192105913
0.38510056980913004,12.823358469484743
0.3859459547321381,12.850995017910357
0.3867902232427078,12.87863156633597
0.38763337618316945,12.906268114761584
0.3884754144042869,12.933904663187198
0.3893163387651136,12.961541211612811
0.39015615013285243,12.989177760038425
0.3909948493827151,13.016814308464038
0.3918324373977856,13.044450856889652
0.39266891506888424,13.072087405315266
0.39350428329443443,13.09972395374088
0.3943385429803305,13.127360502166493
0.39517169503980826,13.154997050592106
0.396003740393317,13.18263359901772
0.3968346799683925,13.210270147443333
0.3976645146995336,13.237906695868947
0.3984932455280786,13.26554324429456
0.3993208734020847,13.293179792720174
0.40014739927620846,13.32081634114579
0.4009728241115883,13.348452889571403
0.4017971488757287,13.376089437997017
0.402620374542385,13.40372598642263
0.4034425020914518,13.431362534848244
0.40426353250885105,13.458999083273858
0.40508346678642243,13.486635631699471
0.4059023059218156,13.514272180125085
0.4067200509183835,13.541908728550698
0.4075367027850774,13.569545276976312
0.40835226253634316,13.597181825401925
0.40916673119201924,13.624818373827539
0.40998010977723587,13.652454922253153
0.4107923993223161,13.680091470678766
0.41160360086267767,13.70772801910438
0.4124137154387366,13.735364567529993
0.41322274409581217,13.763001115955607
0.41403068788403297,13.79063766438122
0.4148375478582446,13.818274212806834
0.41564332507791857,13.845910761232448
0.4164480206070622,13.873547309658063
0.4172516355141301,13.901183858083677
0.4180541708719373,13.92882040650929
0.4188556277575723,13.956456954934904
0.4196560072523129,13.984093503360517
0.42045531044154233,14.011730051786131
0.4212535384146665,14.039366600211745
0.42205069226503295,14.067003148637358
0.42284677308985047,14.094639697062972
0.4236417819901104,14.122276245488585
0.4244357200705082,14.149912793914199
0.42522858843936717,14.177549342339812
0.4260203882085621,14.205185890765426
0.42681112049344544,14.23282243919104
0.4276007864127731,14.260458987616653
0.42838938708863183,14.288095536042267
0.4291769236463681,14.31573208446788
0.4299633972145176,14.343368632893494
0.43074880892473527,14.371005181319108
0.43153315991172736,14.398641729744721
0.43231645131318347,14.426278278170335
0.4330986842697104,14.45391482659595
0.433879859924766,14.481551375021564
0.43465997942459517,14.509187923447177
0.4354390439181653,14.53682447187279
0.4362170545571041,14.564461020298404
0.4369940124956374,14.592097568724018
0.43776991889052796,14.619734117149632
0.43854477490101557,14.647370665575245
0.43931858168875726,14.675007214000859
0.4400913404177693,14.702643762426472
0.44086305225436934,14.730280310852086
0.44163371836711945,14.7579168592777
0.44240333992677067,14.785553407703313
0.4431719181062068,14.813189956128927
0.4439394540803912,14.84082650455454
0.4447059490263121,14.868463052980154
0.4454714041229305,14.896099601405767
0.44623582055112776,14.923736149831381
0.44699919949365424,14.951372698256995
0.4477615421350785,14.979009246682608
0.448522849661738,15.006645795108223
0.4492831232616894,15.034282343533837
0.45004236412466037,15.06191889195945
0.4508005734420017,15.089555440385064
0.45155775240664026,15.117191988810678
0.45231390221303297,15.144828537236291
0.4530690240571203,15.172465085661905
0.45382311913628187,15.200101634087519
0.45457618864929233,15.227738182513132
0.4553282337962764,15.255374730938746
0.45607925577866715,15.28301127936436
0.4568292557991625,15.310647827789973
0.4575782350616839,15.338284376215586
0.4583261947713345,15.3659209246412
0.45907313613435946,15.393557473066814
0.4598190603581048,15.421194021492427
0.46056396865097854,15.44883056991804
0.4613078622224115,15.476467118343654
0.46205074228281917,15.504103666769268
0.4627926100435638,15.531740215194882
0.4635334667169172,15.559376763620495
0.4642733135160239,15.58701331204611
0.4650121516548652,15.614649860471724
0.46574998234822357,15.642286408897338
0.4664868068116472,15.669922957322951
0.46722262626141586,15.697559505748565
0.4679574419145064,15.725196054174178
0.46869125498855957,15.752832602599792
0.4694240667018467,15.780469151025406
0.47015587827323707,15.80810569945102
0.4708866909221659,15.835742247876633
0.4716165058686026,15.863378796302246
0.4723453243330197,15.89101534472786
0.4730731475363621,15.918651893153474
0.47379997670001683,15.946288441579087
0.47452581304578323,15.9739249900047
0.4752506577958434,16.001561538430316
0.47597451217273357,16.029198086855928
0.47669737739931545,16.056834635281543
0.4774192546987478,16.084471183707155
0.47814014529445953,16.11210773213277
0.4788600504101218,16.139744280558382
0.4795789712696215,16.167380828983998
0.48029690909703465,16.19501737740961
0.4810138651166003,16.222653925835225
0.4817298405526951,16.250290474260837
0.48244483662980764,16.277927022686452
0.4831588545725141,16.305563571112064
0.4838718956054534,16.33320011953768
0.48458396095330286,16.36083666796329
0.4852950518407549,16.388473216388906
0.486005169492493,16.41610976481452
0.4867143151331694,16.443746313240133
0.4874224899873815,16.47138286166575
0.48812969527965006,16.49901941009136
0.48883593223439714,16.526655958516976
0.48954120207592405,16.554292506942588
0.49024550602839023,16.581929055368203
0.4909488453157921,16.609565603793815
0.49165122116194226,16.63720215221943
0.49235263479044966,16.664838700645042
0.4930530874246981,16.692475249070657
0.4937525802878281,16.72011179749627
0.4944511146027163,16.747748345921885
0.4951486915919566,16.775384894347496
0.49584531247784125,16.80302144277311
0.49654097848234224,16.830657991198724
0.49723569082709324,16.85829453962434
0.49792945073337064,16.88593108804995
0.4986222594220771,16.913567636475566
0.49931411811372295,16.941204184901178
0.5000050280284096,16.968840733326793
0.5006949903858124,16.99647728175241
0.5013840064051641,17.02411383017802
0.5020720773052381,17.051750378603636
0.5027592043043321,17.079386927029248
0.5034453886202532,17.107023475454863
0.5041306314703015,17.134660023880475
0.5048149340712542,17.16229657230609
0.5054982976393515,17.189933120731702
0.5061807233902813,17.217569669157317
0.5068622125391637,17.24520621758293
0.5075427663005377,17.272842766008544
0.5082223858883462,17.300479314434156
0.5089010725159222,17.32811586285977
0.509578827395975,17.355752411285383
0.5102556517405771,17.383388959711
0.5109315467611496,17.41102550813661
0.5116065136684503,17.438662056562226
0.5122805536725603,17.466298604987838
0.5129536679828716,17.493935153413453
0.5136258578080735,17.521571701839065
0.5142971243561417,17.54920825026468
0.5149674688343253,17.576844798690296
0.5156368924491354,17.604481347115907
0.5163053964063326,17.632117895541523
0.5169729819109162,17.659754443967135
0.517639650167113,17.68739099239275
0.518305402378365,17.71502754081836
0.5189702397473198,17.742664089243977
0.5196341634758189,17.77030063766959
0.5202971747648875,17.797937186095204
0.5209592748147237,17.825573734520816
0.5216204648246887,17.85321028294643
0.5222807459932962,17.880846831372043
0.522940119518203,17.90848337979766
0.5235985865961986,17.93611992822327
0.5242561484231963,17.963756476648886
0.5249128061942232,17.991393025074498
0.5255685611034112,18.019029573500113
0.5262234143439877,18.046666121925725
0.5268773671082668,18.07430267035134
0.5275304205876407,18.101939218776952
0.5281825759725701,18.129575767202567
0.5288338344525773,18.157212315628183
0.5294841972162357,18.184848864053794
0.5301336654511637,18.21248541247941
0.5307822403440152,18.24012196090502
0.5314299230804723,18.267758509330637
0.5320767148452371,18.29539505775625
0.5327226168220245,18.323031606181864
0.533367630193554,18.350668154607476
0.5340117561415433,18.37830470303309
0.5346549958466997,18.405941251458703
0.5352973504887142,18.43357779988432
0.5359388212462539,18.46121434830993
0.5365794092969551,18.488850896735546
0.5372191158174165,18.516487445161157
0.5378579419831927,18.544123993586773
0.538495888968788,18.571760542012385
0.5391329579476489,18.599397090438
0.5397691500921593,18.62703363886361
0.5404044665736331,18.654670187289227
0.5410389085623086,18.682306735714842
0.5416724772273428,18.709943284140454
0.5423051737368052,18.73757983256607
0.5429369992576721,18.76521638099168
0.5435679549558211,18.792852929417297
0.5441980419960255,18.82048947784291
0.544827261541949,18.848126026268524
0.5454556147561404,18.875762574694136
0.5460831028000278,18.90339912311975
0.5467097268339145,18.931035671545363
0.5473354880169734,18.95867221997098
0.5479603875072421,18.98630876839659
0.548584426461618,19.013945316822205
0.5492076060358538,19.041581865247817
0.5498299273845529,19.069218413673433
0.5504513916611647,19.096854962099044
0.55107200001798,19.12449151052466
0.5516917536061272,19.15212805895027
0.5523106535755671,19.179764607375887
0.5529287010750897,19.2074011558015
0.5535458972523097,19.235037704227114
0.5541622432536623,19.26267425265273
0.5547777402243992,19.29031080107834
0.5553923893085854,19.317947349503957
0.5560061916490946,19.34558389792957
0.5566191483876063,19.373220446355184
0.5572312606646015,19.400856994780796
0.5578425296193594,19.42849354320641
0.5584529563899542,19.456130091632023
0.5590625421132513,19.483766640057638
0.5596712879249046,19.51140318848325
0.5602791949593522,19.539039736908865
0.5608862643498143,19.566676285334477
0.5614924972282896,19.594312833760092
0.5620978947255526,19.621949382185704
0.56270245797115,19.64958593061132
0.5633061880933983,19.67722247903693
0.5639090862193812,19.704859027462547
0.5645111534749461,19.73249557588816
0.5651123909847023,19.760132124313774
0.5657127998720176,19.787768672739386
0.5663123812590162,19.815405221165
0.5669111362665756,19.843041769590616
0.5675090660143255,19.87067831801623
0.5681061716206438,19.898314866441844
0.5687024542026551,19.925951414867455
0.5692979148762288,19.95358796329307
0.5698925547559759,19.981224511718683
0.5704863749552475,20.008861060144298
0.571079376586133,20.03649760856991
0.5716715607594572,20.064134156995525
0.5722629285847791,20.091770705421137
0.5728534811703895,20.119407253846752
0.5734432196233092,20.147043802272364
0.5740321450492876,20.17468035069798
0.5746202585528002,20.20231689912359
0.5752075612370474,20.229953447549207
0.575794054203953,20.25758999597482
0.576379738554162,20.285226544400434
0.5769646153870394,20.312863092826046
0.5775486858006685,20.34049964125166
0.5781319508918497,20.368136189677273
0.5787144117560986,20.395772738102888
0.5792960694876454,20.423409286528504
0.5798769251794327,20.451045834954115
0.5804569799231144,20.47868238337973
0.5810362348090551,20.506318931805342
0.5816146909263282,20.533955480230958
0.582192349362715,20.56159202865657
0.5827692112047034,20.589228577082185
0.583345277537487,20.616865125507797
0.5839205494449642,20.644501673933412
0.5844950280097369,20.672138222359024
0.5850687143131096,20.69977477078464
0.5856416094350884,20.72741131921025
0.5862137144543809,20.755047867635867
0.586785030448394,20.78268441606148
0.5873555584932342,20.810320964487094
0.5879252996637061,20.837957512912705
0.5884942550333124,20.86559406133832
0.5890624256742526,20.893230609763933
0.5896298126574225,20.920867158189548
0.5901964170524139,20.948503706615163
0.5907622399275132,20.976140255040775
0.591327282349702,21.00377680346639
0.5918915453846555,21.031413351892002
0.5924550300967425,21.059049900317618
0.5930177375490251,21.08668644874323
0.5935796688032577,21.114322997168845
0.5941408249198872,21.141959545594457
0.5947012069580525,21.169596094020072
0.5952608159755837,21.197232642445684
0.5958196530290023,21.2248691908713
0.5963777191735211,21.25250573929691
0.596935015463043,21.280142287722526
0.5974915429501616,21.307778836148138
0.5980473026861612,21.335415384573754
0.5986022957210158,21.363051932999365
0.5991565231033895,21.39068848142498
0.5997099858806363,21.418325029850593
0.6002626850988,21.445961578276208
0.6008146218026141,21.47359812670182
0.6013657970355022,21.501234675127435
0.6019162118395768,21.52887122355305
0.6024658672556409,21.556507771978662
0.6030147643231868,21.584144320404278
0.6035629040803969,21.61178086882989
0.6041102875641433,21.639417417255505
0.6046569158099884,21.667053965681117
0.6052027898521845,21.694690514106732
0.6057479107236743,21.722327062532344
0.6062922794560911,21.74996361095796
0.606835897079759,21.77760015938357
0.6073787646236929,21.805236707809186
0.607920883115599,21.832873256234798
0.6084622535818748,21.860509804660413
0.6090028770476095,21.888146353086025
0.6095427545365846,21.91578290151164
0.610081887071274,21.943419449937252
0.6106202756728442,21.971055998362868
0.6111579213611547,21.99869254678848
0.6116948251547587,22.026329095214095
0.6122309880709034,22.053965643639707
0.6127664111255299,22.081602192065322
0.6133010953332744,22.109238740490937
0.6138350417074685,22.13687528891655
0.614368251260139,22.164511837342165
0.6149007250020094,22.192148385767776
0.6154324639424997,22.21978493419339
0.6159634690897272,22.247421482619004
0.616493741450507,22.27505803104462
0.6170232820303525,22.30269457947023
0.6175520918334764,22.330331127895846
0.6180801718627903,22.357967676321458
0.6186075231199066,22.385604224747073
0.6191341466051381,22.413240773172685
0.6196600433174992,22.4408773215983
0.6201852142547065,22.468513870023912
0.620709660413179,22.496150418449528
0.6212333827880395,22.52378696687514
0.6217563823731148,22.551423515300755
0.6222786601609364,22.579060063726367
0.6228002171427418,22.606696612151982
0.6233210543084745,22.634333160577594
0.6238411726467853,22.66196970900321
0.6243605731450327,22.689606257428824
0.6248792567892839,22.717242805854436
0.6253972245643156,22.74487935428005
0.6259144774536145,22.772515902705663
0.6264310164393789,22.80015245113128
0.6269468425025183,22.82778899955689
0.6274619566226555,22.855425547982506
0.6279763597781267,22.883062096408118
0.6284900529459823,22.910698644833733
0.6290030371019885,22.938335193259345
0.6295153132206274,22.96597174168496
0.6300268822750983,22.993608290110572
0.6305377452373184,23.021244838536187
0.6310479030779242,23.0488813869618
0.631557356766272,23.076517935387415
0.6320661072704387,23.104154483813026
0.6325741555572227,23.13179103223864
0.6330815025921461,23.159427580664254
0.633588149339454,23.18706412908987
0.6340940967621161,23.214700677515484
0.6345993458218283,23.242337225941096
0.6351038974790126,23.26997377436671
0.6356077526928193,23.297610322792323
0.6361109124211268,23.32524687121794
0.6366133776205438,23.35288341964355
0.6371151492464093,23.380519968069166
0.6376162282527943,23.408156516494778
0.6381166155925027,23.435793064920393
0.6386163122170722,23.463429613346005
0.6391153190767757,23.49106616177162
0.6396136371206218,23.518702710197232
0.6401112672963566,23.546339258622847
0.6406082105504645,23.57397580704846
0.6411044678281685,23.601612355474074
0.6416000400734332,23.629248903899686
0.6420949282289636,23.6568854523253
0.6425891332362081,23.684522000750913
0.6430826560353589,23.71215854917653
0.6435754975653525,23.73979509760214
0.6440676587638724,23.767431646027756
0.6445591405673482,23.79506819445337
0.6450499439109589,23.822704742878983
0.6455400697286325,23.8503412913046
0.6460295189530478,23.87797783973021
0.6465182925156355,23.905614388155826
0.6470063913465792,23.933250936581437
0.647493816374817,23.960887485007053
0.6479805685280421,23.988524033432665
0.6484666487327045,24.01616058185828
0.6489520579140121,24.04379713028389
0.6494367969959317,24.071433678709507
0.6499208669011901,24.09907022713512
0.6504042685512761,24.126706775560734
0.6508870028664404,24.154343323986346
0.6513690707656984,24.18197987241196
0.6518504731668302,24.209616420837573
0.6523312109863824,24.23725296926319
0.6528112851396688,24.2648895176888
0.6532906965407727,24.292526066114416
0.653769446102547,24.320162614540028
0.6542475347366162,24.347799162965643
0.6547249633533774,24.37543571139126
0.6552017328620012,24.40307225981687
0.655677844170434,24.430708808242485
0.6561532981853982,24.458345356668097
0.6566280958123939,24.485981905093713
0.6571022379557002,24.513618453519324
0.6575757255183766,24.54125500194494
0.6580485594022639,24.56889155037055
0.6585207405079859,24.596528098796167
0.6589922697349506,24.62416464722178
0.6594631479813511,24.651801195647394
0.6599333761441676,24.679437744073006
0.660402955119168,24.70707429249862
0.6608718858009097,24.734710840924233
0.6613401690827407,24.76234738934985
0.6618078058568013,24.78998393777546
0.6622747970140245,24.817620486201076
0.6627411434441383,24.845257034626687
0.6632068460356664,24.872893583052303
0.6636719056759298,24.900530131477915
0.6641363232510485,24.92816667990353
0.6646000996459417,24.955803228329145
0.6650632357443302,24.983439776754757
0.6655257324287374,25.011076325180372
0.6659875905804906,25.038712873605984
0.6664488110797224,25.0663494220316
0.6669093948053719,25.09398597045721
0.6673693426351862,25.121622518882827
0.6678286554457218,25.14925906730844
0.6682873341123455,25.176895615734054
0.6687453795092367,25.204532164159666
0.6692027925093876,25.23216871258528
0.6696595739846055,25.259805261010893
0.6701157248055135,25.28744180943651
0.6705712458415524,25.31507835786212
0.6710261379609815,25.342714906287735
0.6714804020308806,25.370351454713347
0.6719340389171508,25.397988003138963
0.672387049484516,25.425624551564574
0.672839434596525,25.45326109999019
0.6732911951155512,25.480897648415805
0.6737423319027961,25.508534196841417
0.6741928458182889,25.536170745267032
0.6746427377208888,25.563807293692644
0.675092008468286,25.59144384211826
0.6755406589170034,25.61908039054387
0.6759886899223979,25.646716938969487
0.6764361023386616,25.6743534873951
0.6768828970188229,25.701990035820714
0.6773290748147487,25.729626584246326
0.6777746365771452,25.75726313267194
0.6782195831555595,25.784899681097553
0.6786639153983809,25.812536229523168
0.679107634152842,25.84017277794878
0.6795507402650208,25.867809326374395
0.6799932345798415,25.895445874800007
0.680435117941076,25.923082423225623
0.6808763911913457,25.950718971651234
0.6813170551721222,25.97835552007685
0.6817571107237289,26.00599206850246
0.6821965586853432,26.033628616928077
0.6826353998949967,26.061265165353692
0.6830736351895772,26.088901713779304
0.6835112654048304,26.11653826220492
0.6839482913753603,26.14417481063053
0.6843847139346317,26.171811359056147
0.6848205339149713,26.19944790748176
0.6852557521475682,26.227084455907374
0.6856903694624766,26.254721004332986
0.6861243866886166,26.2823575527586
0.6865578046537755,26.309994101184213
0.6869906241846091,26.337630649609828
0.6874228461066435,26.36526719803544
0.6878544712442768,26.392903746461055
0.6882855004207791,26.420540294886667
0.6887159344582955,26.448176843312282
0.6891457741778467,26.475813391737894
0.6895750203993305,26.50344994016351
0.6900036739415228,26.53108648858912
0.6904317356220803,26.558723037014737
0.6908592062575404,26.58635958544035
0.6912860866633233,26.613996133865964
0.6917123776537334,26.64163268229158
0.6921380800419606,26.66926923071719
0.6925631946400821,26.696905779142806
0.6929877222590629,26.724542327568418
0.6934116637087578,26.752178875994034
0.6938350197979135,26.779815424419645
0.6942577913341682,26.80745197284526
0.6946799791240547,26.835088521270873
0.6951015839730008,26.862725069696488
0.6955226066853314,26.8903616181221
0.6959430480642693,26.917998166547715
0.6963629089119371,26.945634714973327
0.6967821900293578,26.973271263398942
0.6972008922164574,27.000907811824554
0.6976190162720654,27.02854436025017
0.6980365629939161,27.05618090867578
0.6984535331786512,27.083817457101397
0.6988699276218193,27.11145400552701
0.6992857471178792,27.139090553952624
0.6997009924601999,27.166727102378236
0.700115664441063,27.19436365080385
0.7005297638516631,27.222000199229466
0.7009432914821102,27.249636747655078
0.7013562481214303,27.277273296080693
0.7017686345575673,27.304909844506305
0.7021804515773845,27.33254639293192
0.702591699966665,27.360182941357532
0.7030023805101145,27.387819489783148
0.7034124939913615,27.41545603820876
0.7038220411929594,27.443092586634375
0.704231022896388,27.470729135059987
0.7046394398820537,27.498365683485602
0.705047292929293,27.526002231911214
0.7054545828163714,27.55363878033683
0.7058613103204868,27.58127532876244
0.7062674762177703,27.608911877188056
0.7066730812832865,27.636548425613668
0.707078126291037,27.664184974039284
0.7074826120139595,27.691821522464895
0.7078865392239309,27.71945807089051
0.708289908691768,27.747094619316126
0.7086927211872288,27.774731167741738
0.7090949774790142,27.802367716167353
0.709496678334769,27.830004264592965
0.7098978245210836,27.85764081301858
0.7102984168034955,27.885277361444192
0.7106984559464898,27.912913909869808
0.7110979427135021,27.94055045829542
0.7114968778669184,27.968187006721035
0.7118952621680772,27.995823555146647
0.712293096377271,28.023460103572262
0.7126903812537471,28.051096651997874
0.7130871175557094,28.07873320042349
0.7134833060403202,28.1063697488491
0.7138789474637001,28.134006297274716
0.7142740425809311,28.161642845700328
0.714668592146057,28.189279394125943
0.7150625969120847,28.216915942551555
0.7154560576309863,28.24455249097717
0.7158489750536999,28.272189039402782
0.7162413499301304,28.299825587828398
0.7166331830091525,28.327462136254013
0.7170244750386104,28.355098684679625
0.7174152267653205,28.38273523310524
0.7178054389350713,28.410371781530852
0.7181951122926264,28.438008329956467
0.7185842475817246,28.46564487838208
0.7189728455450817,28.493281426807695
0.7193609069243918,28.520917975233306
0.719748432460329,28.54855452365892
0.7201354228925486,28.576191072084534
0.7205218789596878,28.60382762051015
0.7209078013993677,28.63146416893576
0.721293190948195,28.659100717361376
0.7216780483417625,28.686737265786988
0.7220623743146507,28.714373814212603
0.7224461696004295,28.742010362638215
0.7228294349316596,28.76964691106383
0.7232121710398931,28.797283459489442
0.7235943786556756,28.824920007915058
0.7239760585085467,28.85255655634067
0.7243572113270429,28.880193104766285
0.724737837838697,28.9078296531919
0.7251179387700412,28.935466201617512
0.7254975148466069,28.963102750043127
0.7258765667929272,28.99073929846874
0.7262550953325376,29.018375846894354
0.7266331011879777,29.046012395319966
0.7270105850807923,29.07364894374558
0.7273875477315327,29.101285492171193
0.7277639898597582,29.12892204059681
0.7281399121840374,29.15655858902242
0.7285153154219494,29.184195137448036
0.7288902002900854,29.211831685873648
0.7292645675040497,29.239468234299263
0.7296384177784611,29.267104782724875
0.7300117518269542,29.29474133115049
0.7303845703621812,29.322377879576102
0.7307568740958126,29.350014428001717
0.7311286637385387,29.37765097642733
0.7314999400000712,29.405287524852945
0.7318707035891441,29.43292407327856
0.732240955213515,29.460560621704172
0.7326106955799668,29.488197170129787
0.7329799253943093,29.5158337185554
0.7333486453613792,29.543470266981014
0.733716856185043,29.571106815406626
0.7340845585681969,29.59874336383224
0.7344517532127691,29.626379912257853
0.734818440819721,29.65401646068347
0.7351846220890479,29.68165300910908
0.7355502977197809,29.709289557534696
0.7359154684099874,29.736926105960308
0.7362801348567741,29.764562654385923
0.7366442977562865,29.792199202811535
0.7370079578037106,29.81983575123715
0.7373711156932752,29.847472299662762
0.7377337721182515,29.875108848088377
0.7380959277709566,29.90274539651399
0.7384575833427525,29.930381944939604
0.7388187395240491,29.958018493365216
0.7391793970043044,29.98565504179083
0.7395395564720263,30.013291590216447
0.7398992186147741,30.04092813864206
0.7402583841191595,30.068564687067674
0.7406170536708471,30.096201235493286
0.7409752279545574,30.1238377839189
0.741332907654067,30.151474332344513
0.7416900934522094,30.17911088077013
0.7420467860308774,30.20674742919574
0.742402986071024,30.234383977621356
0.7427586942526628,30.262020526046967
0.7431139112548711,30.289657074472583
0.7434686377557892,30.317293622898195
0.743822874432623,30.34493017132381
0.7441766219616446,30.372566719749422
0.7445298810181942,30.400203268175037
0.7448826522766806,30.42783981660065
0.7452349364105826,30.455476365026264
0.7455867340924512,30.483112913451876
0.7459380459939097,30.51074946187749
0.7462888727856553,30.538386010303103
0.7466392151374609,30.56602255872872
0.7469890737181756,30.593659107154334
0.7473384491957262,30.621295655579946
0.7476873422371192,30.64893220400556
0.7480357535084404,30.676568752431173
0.7483836836748581,30.70420530085679
0.7487311334006227,30.7318418492824
0.749078103349069,30.759478397708016
0.7494245941826171,30.787114946133627
0.7497706065627735,30.814751494559243
0.7501161411501324,30.842388042984854
0.7504611986043773,30.87002459141047
0.750805779584282,30.89766113983608
0.7511498847477114,30.925297688261697
0.7514935147516234,30.95293423668731
0.7518366702520699,30.980570785112924
0.7521793519041979,31.008207333538536
0.7525215603622509,31.03584388196415
0.7528632962795704,31.063480430389763
0.7532045603085962,31.09111697881538
0.7535453531008688,31.11875352724099
0.7538856753070297,31.146390075666606
0.7542255275768232,31.17402662409222
0.7545649105590974,31.201663172517833
0.754903824901805,31.229299720943448
0.755242271252006,31.25693626936906
0.7555802502558668,31.284572817794675
0.7559177625586632,31.312209366220287
0.7562548088047806,31.339845914645903
0.7565913896377157,31.367482463071514
0.7569275057000772,31.39511901149713
0.7572631576335879,31.42275555992274
0.757598346079085,31.450392108348357
0.7579330716765219,31.47802865677397
0.758267335064969,31.505665205199584
0.7586011368826154,31.533301753625196
0.7589344777667695,31.56093830205081
0.7592673583538604,31.588574850476423
0.7595997792794397,31.61621139890204
0.759931741178182,31.64384794732765
0.7602632446838861,31.671484495753266
0.7605942904294766,31.69912104417888
0.7609248790470049,31.726757592604493
0.7612550111676505,31.754394141030108
0.7615846874217218,31.78203068945572
0.7619139084386577,31.809667237881335
0.762242674847029,31.837303786306947
0.7625709872745391,31.864940334732562
0.762898846348025,31.892576883158174
0.7632262526934592,31.92021343158379
0.7635532069359505,31.9478499800094
0.763879709699745,31.975486528435017
0.7642057616082276,32.00312307686063
0.7645313632839235,32.030759625286244
0.7648565153484982,32.058396173711856
0.7651812184227598,32.08603272213747
0.7655054731266597,32.113669270563086
0.7658292800792943,32.1413058189887
0.7661526398989053,32.16894236741431
0.7664755532028811,32.19657891583992
0.7667980206077586,32.22421546426554
0.767120042729224,32.25185201269115
0.7674416201821139,32.279488561116764
0.767762753580416,32.30712510954238
0.7680834435372713,32.334761657967995
0.7684036906649743,32.36239820639361
0.768723495574975,32.39003475481922
0.7690428588778795,32.41767130324484
0.7693617811834511,32.44530785167045
0.7696802631006117,32.47294440009606
0.7699983052374428,32.50058094852167
0.7703159082011872,32.52821749694729
0.7706330725982493,32.555854045372904
0.7709497990341966,32.583490593798516
0.771266088113761,32.61112714222413
0.77158194044084,32.638763690649746
0.7718973566184977,32.66640023907536
0.7722123372489657,32.69403678750097
0.7725268829336447,32.72167333592658
0.772840994273105,32.7493098843522
0.7731546718670887,32.77694643277781
0.7734679163145101,32.804582981203424
0.7737807282134559,32.83221952962904
0.7740931081611887,32.859856078054655
0.7744050567541465,32.88749262648027
0.7747165745879433,32.91512917490588
0.7750276622573725,32.9427657233315
0.775338320356405,32.97040227175711
0.7756485494781931,32.99803882018272
0.7759583502150696,33.02567536860833
0.7762677231585509,33.05331191703395
0.7765766688993361,33.080948465459564
0.7768851880273088,33.108585013885175
0.7771932811315394,33.13622156231079
0.7775009488002844,33.163858110736406
0.777808191620989,33.19149465916202
0.778115010180287,33.21913120758763
0.7784214050640029,33.24676775601324
0.7787273768571527,33.27440430443886
0.7790329261439444,33.30204085286447
0.7793380535077801,33.329677401290084
0.779642759531257,33.357313949715696
0.7799470447961669,33.384950498141315
0.7802509098834999,33.41258704656693
0.7805543553734436,33.44022359499254
0.7808573818453847,33.46786014341816
0.78115998987791,33.49549669184377
0.7814621800488083,33.52313324026938
0.7817639529350703,33.55076978869499
0.7820653091128906,33.57840633712061
0.7823662491576682,33.60604288554622
0.7826667736440079,33.633679433971835
0.7829668831457216,33.66131598239745
0.7832665782358289,33.688952530823066
0.7835658594865584,33.71658907924868
0.783864727469349,33.74422562767429
0.7841631827548506,33.7718621760999
0.7844612259129257,33.79949872452552
0.7847588575126497,33.82713527295113
0.7850560781223127,33.854771821376744
0.7853528883094206,33.882408369802356
0.7856492886406955,33.910044918227975
0.7859452796820774,33.937681466653586
0.7862408619987249,33.9653180150792
0.7865360361550168,33.99295456350482
0.7868308027145526,34.02059111193043
0.7871251622401534,34.04822766035604
0.7874191152938639,34.07586420878165
0.7877126624369531,34.10350075720727
0.7880058042299146,34.13113730563288
0.7882985412324683,34.158773854058495
0.7885908740035621,34.18641040248411
0.7888828031013717,34.214046950909726
0.7891743290833021,34.24168349933534
0.7894654525059894,34.26932004776095
0.7897561739253012,34.29695659618656
0.7900464938963372,34.32459314461218
0.7903364129734315,34.35222969303779
0.7906259317101519,34.379866241463404
0.7909150506593035,34.407502789889016
0.7912037703729269,34.435139338314634
0.7914920914023013,34.462775886740246
0.7917800142979444,34.49041243516586
0.7920675396096148,34.51804898359147
0.7923546678863114,34.54568553201709
0.7926413996762749,34.5733220804427
0.7929277355269898,34.60095862886831
0.7932136759851847,34.62859517729393
0.7934992215968332,34.65623172571954
0.793784372907155,34.683868274145155
0.7940691304606178,34.71150482257077
0.7943534948009368,34.739141370996386
0.7946374664710768,34.766777919422
0.7949210460132538,34.79441446784761
0.7952042339689339,34.82205101627322
0.7954870308788369,34.84968756469884
0.7957694372829351,34.87732411312445
0.796051453720456,34.904960661550064
0.7963330807298825,34.932597209975675
0.7966143188489541,34.960233758401294
0.7968951686146674,34.987870306826906
0.7971756305632786,35.01550685525252
0.7974557052303025,35.04314340367813
0.7977353931505156,35.07077995210375
0.7980146948579554,35.09841650052936
0.7982936108859221,35.12605304895497
0.79857214176698,35.15368959738059
0.7988502880329575,35.1813261458062
0.7991280502149497,35.208962694231815
0.7994054288433181,35.23659924265743
0.7996824244476913,35.264235791083046
0.7999590375569674,35.29187233950866
0.8002352686993142,35.31950888793427
0.8005111184021702,35.34714543635988
0.8007865871922455,35.3747819847855
0.8010616755955235,35.40241853321111
0.8013363841372609,35.43005508163672
0.8016107133419897,35.457691630062335
0.8018846637335171,35.485328178487954
0.8021582358349276,35.512964726913566
0.8024314301685836,35.54060127533918
0.8027042472561257,35.56823782376479
0.8029766876184748,35.59587437219041
0.8032487517758325,35.62351092061602
0.803520440247682,35.65114746904163
0.8037917535527894,35.67878401746725
0.8040626922092047,35.70642056589286
0.8043332567342623,35.734057114318475
0.8046034476445827,35.76169366274409
0.8048732654560729,35.789330211169705
0.8051427106839272,35.81696675959532
0.8054117838426297,35.84460330802093
0.805680485445953,35.87223985644654
0.8059488160069612,35.89987640487216
0.8062167760380095,35.92751295329777
0.8064843660507459,35.95514950172338
0.8067515865561118,35.982786050148995
0.8070184380643433,36.010422598574614
0.8072849210849722,36.038059147000226
0.8075510361268265,36.06569569542584
0.8078167836980317,36.09333224385145
0.8080821643060118,36.12096879227707
0.8083471784574902,36.14860534070268
0.8086118266584903,36.17624188912829
0.8088761094143377,36.203878437553904
0.8091400272296596,36.23151498597952
0.8094035806083867,36.259151534405134
0.8096667700537538,36.286788082830746
0.8099295960683006,36.314424631256365
0.8101920591538737,36.34206117968198
0.8104541598116262,36.36969772810759
0.8107158985420193,36.3973342765332
0.8109772758448237,36.42497082495882
0.8112382922191191,36.45260737338443
0.8114989481632972,36.48024392181004
0.8117592441750603,36.507880470235655
0.812019180751425,36.535517018661274
0.8122787583887203,36.563153567086886
0.812537977582591,36.5907901155125
0.8127968388279969,36.61842666393811
0.8130553426192143,36.64606321236373
0.8133134894498375,36.67369976078934
0.8135712798127785,36.70133630921495
0.8138287142002698,36.728972857640564
0.8140857931038636,36.75660940606618
0.8143425170144336,36.784245954491794
0.8145988864221754,36.811882502917406
0.8148549018166081,36.839519051343025
0.8151105636865746,36.86715559976864
0.8153658725202435,36.89479214819425
0.8156208288051084,36.92242869661986
0.8158754330279904,36.95006524504548
0.8161296856750382,36.97770179347109
0.8163835872317295,37.0053383418967
0.8166371381828715,37.032974890322315
0.816890339012602,37.060611438747934
0.8171431902043903,37.088247987173546
0.8173956922410383,37.11588453559916
0.8176478456046808,37.14352108402477
0.8178996507767875,37.17115763245039
0.8181511082381628,37.198794180876
0.818402218468948,37.22643072930161
0.8186529819486202,37.25406727772722
0.8189033991559955,37.28170382615284
0.8191534705692285,37.309340374578454
0.8194031966658134,37.336976923004066
0.8196525779225854,37.364613471429685
0.8199016148157212,37.3922500198553
0.82015030782074,37.41988656828091
0.8203986574125042,37.44752311670652
0.8206466640652208,37.47515966513214
0.8208943282524419,37.50279621355775
0.8211416504470658,37.53043276198336
0.8213886311213379,37.558069310408975
0.8216352707468513,37.585705858834594
0.8218815697945479,37.613342407260205
0.8221275287347196,37.64097895568582
0.8223731480370089,37.66861550411143
0.8226184281704096,37.69625205253705
0.8228633696032681,37.72388860096266
0.8231079728032843,37.75152514938827
0.8233522382375118,37.77916169781388
0.8235961663723596,37.8067982462395
0.8238397576735927,37.834434794665114
0.8240830126063328,37.862071343090726
0.8243259316350596,37.88970789151634
0.8245685152236115,37.91734443994196
0.824810763835186,37.94498098836757
0.8250526779323415,37.97261753679318
0.8252942579769974,38.0002540852188
0.8255355044304351,38.02789063364441
0.8257764177532997,38.05552718207002
0.8260169984055997,38.083163730495635
0.8262572468467088,38.11080027892125
0.826497163535366,38.138436827346865
0.8267367489296771,38.16607337577248
0.8269760034871153,38.19370992419809
0.8272149276645222,38.22134647262371
0.8274535219181083,38.24898302104932
0.8276917867034547,38.27661956947493
0.8279297224755129,38.30425611790054
0.8281673296886063,38.33189266632616
0.8284046087964312,38.359529214751774
0.8286415602520574,38.387165763177386
0.8288781845079288,38.414802311603
0.829114482015865,38.442438860028616
0.8293504532270612,38.47007540845423
0.8295860985920903,38.49771195687984
0.8298214185609021,38.52534850530546
0.8300564135828259,38.55298505373107
0.83029108410657,38.58062160215668
0.8305254305802238,38.608258150582294
0.8307594534512573,38.63589469900791
0.830993153166523,38.663531247433525
0.831226530172256,38.69116779585914
0.8314595849140757,38.71880434428475
0.8316923178369859,38.74644089271037
0.8319247293853762,38.77407744113598
0.8321568200030222,38.80171398956159
0.8323885901330869,38.8293505379872
0.8326200402181213,38.85698708641282
0.8328511707000653,38.884623634838434
0.833081982020249,38.912260183264046
0.8333124746193926,38.93989673168966
0.8335426489376077,38.967533280115276
0.8337725054143985,38.99516982854089
0.8340020444886622,39.0228063769665
0.8342312665986903,39.05044292539211
0.8344601721821681,39.07807947381773
0.8346887616761776,39.10571602224334
0.8349170355171966,39.133352570668954
0.8351449941411008,39.16098911909457
0.8353726379831634,39.188625667520185
0.8355999674780571,39.2162622159458
0.8358269830598537,39.24389876437141
0.8360536851620264,39.27153531279703
0.8362800742174492,39.29917186122264
0.8365061506583991,39.32680840964825
0.8367319149165553,39.35444495807386
0.8369573674230015,39.38208150649948
0.8371825086082261,39.409718054925094
0.8374073389021233,39.437354603350705
0.8376318587339928,39.46499115177632
0.8378560685325425,39.492627700201936
0.8380799687258876,39.52026424862755
0.8383035597415528,39.54790079705316
0.8385268420064722,39.57553734547877
0.83874981594699,39.60317389390439
0.838972481988862,39.63081044233
0.8391948405572562,39.658446990755614
0.8394168920767535,39.68608353918123
0.8396386369713482,39.713720087606845
0.8398600756644495,39.74135663603246
0.8400812085788818,39.76899318445807
0.8403020361368851,39.79662973288369
0.8405225587601176,39.8242662813093
0.8407427768696544,39.85190282973491
0.8409626908859892,39.87953937816052
0.841182301229035,39.90717592658614
0.8414016083181256,39.93481247501175
0.8416206125720148,39.962449023437365
0.8418393144088789,39.99008557186298
0.8420577142463167,40.017722120288596
0.84227581250135,40.04535866871421
0.842493609590425,40.07299521713982
0.8427111059294128,40.10063176556543
0.8429283019336101,40.12826831399105
0.8431451980177407,40.15590486241666
0.8433617945959551,40.183541410842274
0.8435780920818319,40.21117795926789
0.8437940908883792,40.238814507693505
0.8440097914280345,40.26645105611912
0.8442251941126654,40.29408760454473
0.8444402993535716,40.32172415297035
0.844655107561484,40.34936070139596
0.8448696191465669,40.37699724982157
0.8450838345184182,40.40463379824718
0.8452977540860697,40.4322703466728
0.8455113782579889,40.45990689509841
0.8457247074420791,40.487543443524025
0.8459377420456804,40.51517999194964
0.8461504824755705,40.542816540375256
0.846362929137965,40.57045308880087
0.8465750824385192,40.59808963722648
0.8467869427823277,40.62572618565209
0.846998510573926,40.65336273407771
0.8472097862172908,40.68099928250332
0.8474207701158413,40.708635830928934
0.8476314626724394,40.736272379354546
0.8478418642893906,40.763908927780165
0.8480519753684453,40.791545476205776
0.8482617963107985,40.81918202463139
0.8484713275170921,40.84681857305701
0.8486805693874138,40.87445512148262
0.8488895223212994,40.90209166990823
0.849098186717733,40.92972821833384
0.8493065629751475,40.95736476675946
0.8495146514914259,40.98500131518507
0.8497224526639016,41.012637863610685
0.8499299668893594,41.0402744120363
0.8501371945640364,41.067910960461916
0.8503441360836219,41.09554750888753
0.8505507918432595,41.12318405731314
0.850757162237547,41.15082060573875
0.8509632476605371,41.17845715416437
0.8511690485057385,41.20609370258998
0.8513745651661168,41.233730251015594
0.8515797980340942,41.261366799441205
0.8517847475015519,41.289003347866824
0.8519894139598294,41.316639896292436
0.8521937977997261,41.34427644471805
0.852397899411502,41.37191299314367
0.8526017191848775,41.39954954156928
0.8528052575090352,41.42718608999489
0.8530085147726205,41.4548226384205
0.8532114913637417,41.48245918684612
0.8534141876699717,41.51009573527173
0.8536166040783478,41.537732283697345
0.853818740975373,41.56536883212296
0.854020598747017,41.593005380548576
0.8542221777787156,41.62064192897419
0.8544234784553729,41.6482784773998
0.8546245011613619,41.67591502582541
0.8548252462805243,41.70355157425103
0.8550257141961718,41.73118812267664
0.855225905291087,41.75882467110225
0.8554258199475236,41.786461219527865
0.8556254585472082,41.814097767953484
0.8558248214713392,41.841734316379096
0.8560239091005898,41.86937086480471
0.8562227218151064,41.89700741323033
0.8564212599945115,41.92464396165594
0.8566195240179024,41.95228051008155
0.8568175142638539,41.97991705850716
0.8570152311104173,42.00755360693278
0.8572126749351223,42.03519015535839
0.8574098461149772,42.062826703784005
0.8576067450264693,42.09046325220962
0.8578033720455667,42.118099800635235
0.8579997275477178,42.14573634906085
0.8581958119078525,42.17337289748646
0.8583916255003838,42.20100944591207
0.8585871686992068,42.22864599433769
0.8587824418777007,42.2562825427633
0.8589774454087289,42.28391909118891
0.85917217966464,42.311555639614525
0.8593666450172686,42.339192188040144
0.8595608418379358,42.366828736465756
0.8597547704974496,42.39446528489137
0.8599484313661068,42.42210183331698
0.860141824813692,42.4497383817426
0.8603349512094794,42.47737493016821
0.8605278109222338,42.50501147859382
0.8607204043202099,42.53264802701944
0.8609127317711547,42.56028457544505
0.8611047936423069,42.587921123870665
0.8612965903003981,42.615557672296276
0.861488122111654,42.643194220721895
0.8616793894417941,42.67083076914751
0.8618703926560328,42.69846731757312
0.862061132119081,42.72610386599873
0.8622516081951447,42.75374041442435
0.8624418212479281,42.78137696284996
0.8626317716406328,42.80901351127557
0.8628214597359586,42.836650059701185
0.8630108858961048,42.864286608126804
0.8632000504827704,42.891923156552416
0.8633889538571549,42.91955970497803
0.8635775963799593,42.94719625340364
0.8637659784113864,42.97483280182926
0.8639541003111413,43.00246935025487
0.8641419624384326,43.03010589868048
0.8643295651519731,43.0577424471061
0.8645169088099802,43.08537899553171
0.8647039937701761,43.113015543957324
0.8648908203897899,43.140652092382936
0.8650773890255569,43.168288640808555
0.8652637000337198,43.19592518923417
0.8654497537700293,43.22356173765978
0.8656355505897452,43.25119828608539
0.8658210908476365,43.27883483451101
0.8660063748979823,43.30647138293662
0.8661914030945725,43.33410793136223
0.8663761757907089,43.361744479787845
0.8665606933392046,43.389381028213464
0.8667449560923863,43.417017576639076
0.8669289644020935,43.44465412506469
0.8671127186196804,43.4722906734903
0.8672962190960158,43.49992722191592
0.8674794661814839,43.52756377034153
0.8676624602259855,43.55520031876714
0.8678452015789377,43.58283686719276
0.8680276905892751,43.61047341561837
0.8682099276054511,43.638109964043984
0.8683919129754373,43.665746512469596
0.8685736470467249,43.693383060895215
0.8687551301663256,43.72101960932083
0.8689363626807717,43.74865615774644
0.869117344936117,43.77629270617205
0.8692980772779373,43.80392925459767
0.8694785600513314,43.83156580302328
0.8696587936009216,43.85920235144889
0.8698387782708541,43.886838899874505
0.8700185144047999,43.914475448300124
0.8701980023459559,43.942111996725735
0.8703772424370444,43.96974854515135
0.8705562350203148,43.99738509357696
0.870734980437544,44.02502164200258
0.8709134790300369,44.05265819042819
0.8710917311386268,44.0802947388538
0.8712697371036767,44.10793128727941
0.8714474972650796,44.13556783570503
0.8716250119622589,44.163204384130644
0.8718022815341695,44.190840932556256
0.871979306319298,44.218477480981875
0.872156086655664,44.24611402940749
0.87233262288082,44.2737505778331
0.8725089153318526,44.30138712625871
0.8726849643453828,44.32902367468433
0.8728607702575668,44.35666022310994
0.8730363334040966,44.38429677153555
0.8732116541202007,44.411933319961165
0.8733867327406446,44.43956986838678
0.8735615695997317,44.467206416812395
0.8737361650313036,44.49484296523801
0.873910519368741,44.52247951366362
0.8740846329449642,44.55011606208924
0.8742585060924338,44.57775261051485
0.8744321391431514,44.60538915894046
0.8746055324286599,44.63302570736607
0.8747786862800447,44.66066225579169
0.8749516010279339,44.688298804217304
0.8751242770024986,44.715935352642916
0.875296714533455,44.743571901068535
0.875468913950063,44.77120844949415
0.8756408755811281,44.79884499791976
0.8758125997550024,44.82648154634537
0.8759840867995834,44.85411809477099
0.8761553370423169,44.8817546431966
0.8763263508101962,44.90939119162221
0.8764971284297629,44.937027740047824
0.8766676702271078,44.96466428847344
0.8768379765278714,44.992300836899055
0.8770080476572446,45.01993738532467
0.877177883939969,45.04757393375028
0.877347485700338,45.0752104821759
0.8775168532621971,45.10284703060151
0.8776859869489448,45.13048357902712
0.8778548870835329,45.15812012745273
0.8780235539884672,45.18575667587835
0.8781919879858081,45.213393224303964
0.8783601893971714,45.241029772729576
0.8785281585437287,45.26866632115519
0.8786958957462084,45.296302869580806
0.8788634013248957,45.32393941800642
0.8790306755996333,45.35157596643203
0.879197718889823,45.37921251485765
0.8793645315144248,45.40684906328326
0.8795311137919588,45.43448561170887
0.8796974660405048,45.462122160134484
0.8798635885777036,45.4897587085601
0.8800294817207576,45.517395256985715
0.8801951457864307,45.54503180541133
0.8803605810910496,45.57266835383694
0.8805257879505044,45.60030490226256
0.880690766680249,45.62794145068817
0.8808555175953012,45.65557799911378
0.8810200410102443,45.68321454753939
0.8811843372392271,45.71085109596501
0.8813484065959644,45.738487644390624
0.8815122493937381,45.766124192816235
0.8816758659453972,45.79376074124185
0.8818392565633587,45.821397289667466
0.8820024215596086,45.84903383809308
0.8821653612457016,45.87667038651869
0.8823280759327626,45.90430693494431
0.8824905659314866,45.93194348336992
0.8826528315521395,45.95958003179553
0.8828148731045591,45.987216580221144
0.8829766908981549,46.01485312864676
0.8831382852419096,46.042489677072375
0.8832996564443792,46.07012622549799
0.8834608048136934,46.0977627739236
0.8836217306575562,46.12539932234922
0.8837824342832472,46.15303587077483
0.8839429159976213,46.18067241920044
0.8841031761071099,46.20830896762605
0.8842632149177214,46.23594551605167
0.884423032735041,46.26358206447728
0.8845826298642329,46.291218612902895
0.884742006610039,46.31885516132851
0.8849011632767808,46.346491709754126
0.8850601001683596,46.37412825817974
0.885218817588257,46.40176480660535
0.8853773158395355,46.42940135503097
0.8855355952248388,46.45703790345658
0.8856936560463935,46.48467445188219
0.8858514986060082,46.512311000307804
0.8860091232050749,46.53994754873342
0.8861665301445695,46.567584097159035
0.886323719725052,46.59522064558465
0.8864806922466677,46.62285719401026
0.8866374480091473,46.65049374243588
0.8867939873118078,46.67813029086149
0.8869503104535527,46.7057668392871
0.8871064177328725,46.73340338771271
0.8872623094478462,46.76103993613833
0.8874179858961404,46.78867648456394
0.8875734473750112,46.816313032989555
0.8877286941813042,46.84394958141517
0.8878837266114546,46.871586129840786
0.8880385449614892,46.8992226782664
0.888193149527025,46.92685922669201
0.8883475406032713,46.95449577511762
0.8885017184850298,46.98213232354324
0.8886556834666949,47.00976887196885
0.8888094358422549,47.037405420394464
0.8889629759052915,47.06504196882008
0.8891163039489813,47.092678517245695
0.8892694202660963,47.120315065671306
0.8894223251490039,47.14795161409692
0.8895750188896682,47.17558816252254
0.8897275017796493,47.20322471094815
0.8898797741101057,47.23086125937376
0.8900318361717929,47.25849780779937
0.8901836882550657,47.28613435622499
0.8903353306498775,47.3137709046506
0.8904867636457817,47.341407453076215
0.8906379875319314,47.36904400150183
0.8907890025970804,47.396680549927446
0.8909398091295841,47.42431709835306
0.8910904074174,47.45195364677867
0.8912407977480873,47.47959019520428
0.8913909804088082,47.5072267436299
0.8915409556863289,47.53486329205551
0.891690723867019,47.562499840481124
0.8918402852368531,47.59013638890674
0.8919896400814105,47.617772937332354
0.8921387886858767,47.645409485757966
0.892287731335043,47.67304603418358
0.8924364683133073,47.7006825826092
0.8925849999046752,47.72831913103481
0.8927333263927599,47.75595567946042
0.8928814480607831,47.78359222788603
0.893029365191575,47.81122877631165
0.8931770780675756,47.83886532473726
0.8933245869708352,47.866501873162875
0.8934718921830139,47.89413842158849
0.8936189939853835,47.921774970014106
0.893765892658827,47.94941151843972
0.8939125884838396,47.97704806686533
0.8940590817405293,48.00468461529094
0.8942053727086172,48.03232116371656
0.8943514616674384,48.05995771214217
0.8944973488959416,48.08759426056778
0.894643034672691,48.1152308089934
0.894788519275866,48.142867357419014
0.8949338029832614,48.170503905844626
0.8950788860722894,48.19814045427024
0.895223768819978,48.22577700269586
0.8953684515029734,48.25341355112147
0.8955129343975394,48.28105009954708
0.8956572177795586,48.30868664797269
0.8958013019245322,48.33632319639831
0.8959451871075815,48.36395974482392
0.8960888736034478,48.391596293249535
0.8962323616864927,48.41923284167515
0.8963756516306991,48.446869390100765
0.8965187437096717,48.47450593852638
0.8966616381966371,48.50214248695199
0.8968043353644449,48.5297790353776
0.896946835485568,48.55741558380322
0.8970891388321026,48.58505213222883
0.8972312456757695,48.61268868065444
0.897373156287914,48.640325229080055
0.8975148709395073,48.667961777505674
0.8976563899011459,48.695598325931286
0.8977977134430529,48.7232348743569
0.897938841835078,48.75087142278252
0.8980797753466985,48.77850797120813
0.8982205142470193,48.80614451963374
0.8983610588047741,48.83378106805935
0.8985014092883253,48.86141761648497
0.8986415659656646,48.88905416491058
0.898781529104414,48.916690713336195
0.8989212989718257,48.944327261761806
0.8990608758347828,48.971963810187425
0.8992002599597997,48.99960035861304
0.8993394516130236,49.02723690703865
0.8994784510602333,49.05487345546426
0.899617258566841,49.08251000388988
0.8997558743978922,49.11014655231549
0.8998942988180665,49.1377831007411
0.900032532091678,49.165419649166715
0.9001705744826762,49.193056197592334
0.9003084262546452,49.220692746017946
0.9004460876708063,49.24832929444356
0.900583558994016,49.27596584286918
0.9007208404867695,49.30360239129479
0.9008579324111977,49.3312389397204
0.9009948350290707,49.35887548814601
0.901131548601797,49.38651203657163
0.9012680733904235,49.41414858499724
0.9014044096556376,49.441785133422854
0.901540557657766,49.469421681848466
0.9016765176567761,49.497058230274085
0.9018122899122765,49.5246947786997
0.9019478746835169,49.55233132712531
0.9020832722293893,49.57996787555092
0.9022184828084284,49.60760442397654
0.9023535066788115,49.63524097240215
0.9024883440983595,49.66287752082776
0.9026229953245377,49.690514069253375
0.9027574606144552,49.718150617678994
0.9028917402248664,49.745787166104606
0.9030258344121712,49.77342371453022
0.9031597434324155,49.80106026295583
0.903293467541291,49.82869681138145
0.9034270069941376,49.85633335980706
0.9035603620459414,49.88396990823267
0.9036935329513367,49.91160645665829
0.9038265199646067,49.9392430050839
0.9039593233396829,49.966879553509514
0.9040919433301462,49.994516101935126
0.9042243801892276,50.022152650360745
0.9043566341698084,50.04978919878636
0.9044887055244204,50.07742574721197
0.9046205945052472,50.10506229563758
0.9047523013641237,50.1326988440632
0.9048838263525372,50.16033539248881
0.9050151697216275,50.18797194091442
0.9051463317221882,50.215608489340035
0.905277312604666,50.243245037765654
0.905408112619162,50.270881586191265
0.9055387320154322,50.29851813461688
0.905669171042887,50.32615468304249
0.9057994299505934,50.35379123146811
0.9059295089872734,50.38142777989372
0.9060594084013062,50.40906432831933
0.9061891284407281,50.43670087674495
0.9063186693532326,50.46433742517056
0.9064480313861711,50.491973973596174
0.9065772147865536,50.519610522021786
0.9067062198010489,50.547247070447405
0.9068350466759857,50.57488361887302
0.9069636956573517,50.60252016729863
0.9070921669907954,50.63015671572424
0.9072204609216262,50.65779326414986
0.9073485776948149,50.68542981257547
0.9074765175549931,50.71306636100108
0.9076042807464555,50.740702909426695
0.9077318675131594,50.76833945785231
0.9078592780987244,50.795976006277925
0.9079865127464347,50.82361255470354
0.9081135716992382,50.85124910312915
0.9082404551997473,50.87888565155477
0.9083671634902392,50.90652219998038
0.9084936968126568,50.93415874840599
0.9086200554086087,50.96179529683161
0.90874623951937,50.98943184525722
0.9088722493858827,51.017068393682834
0.9089980852487559,51.044704942108446
0.9091237473482667,51.072341490534065
0.9092492359243602,51.09997803895968
0.9093745512166502,51.12761458738529
0.9094996934644196,51.1552511358109
0.9096246629066209,51.18288768423652
0.9097494597818767,51.21052423266213
0.9098740843284802,51.23816078108774
0.909998536784395,51.265797329513354
0.9101228173872569,51.29343387793897
0.9102469263743732,51.321070426364585
0.9103708639827232,51.3487069747902
0.9104946304489594,51.37634352321581
0.910618226009407,51.40398007164143
0.9107416509000658,51.43161662006704
0.9108649053566087,51.45925316849265
0.9109879896143837,51.48688971691826
0.9111109039084136,51.51452626534388
0.9112336484733972,51.542162813769494
0.9113562235437084,51.569799362195106
0.9114786293533977,51.597435910620725
0.9116008661361928,51.625072459046336
0.9117229341254983,51.65270900747195
0.9118448335543967,51.68034555589756
0.9119665646556484,51.70798210432318
0.9120881276616927,51.73561865274879
0.9122095228046477,51.7632552011744
0.9123307503163107,51.790891749600014
0.9124518104281598,51.81852829802563
0.9125727033713522,51.846164846451245
0.9126934293767273,51.87380139487686
0.9128139886748047,51.90143794330247
0.9129343814957861,51.92907449172809
0.9130546080695553,51.9567110401537
0.9131746686256785,51.98434758857931
0.9132945633934051,52.01198413700492
0.9134142926016677,52.03962068543054
0.913533856479083,52.067257233856154
0.9136532552539521,52.094893782281765
0.9137724891542603,52.122530330707384
0.9138915584076788,52.150166879132996
0.9140104632415639,52.17780342755861
0.9141292038829582,52.20543997598422
0.9142477805585904,52.23307652440984
0.9143661934948768,52.26071307283545
0.9144844429179204,52.28834962126106
0.9146025290535124,52.315986169686674
0.9147204521271319,52.34362271811229
0.9148382123639471,52.371259266537905
0.9149558099888148,52.39889581496352
0.9150732452262812,52.42653236338913
0.9151905183005831,52.45416891181475
0.9153076294356469,52.48180546024036
0.9154245788550907,52.50944200866597
0.9155413667822225,52.53707855709158
0.9156579934400434,52.5647151055172
0.9157744590512455,52.59235165394281
0.9158907638382137,52.619988202368425
0.916006908023026,52.647624750794044
0.9161228918274533,52.675261299219656
0.916238715472961,52.70289784764527
0.9163543791807081,52.73053439607088
0.916469883171548,52.7581709444965
0.9165852276660301,52.78580749292211
0.9167004128843984,52.81344404134772
0.9168154390465927,52.841080589773334
0.9169303063722496,52.86871713819895
0.9170450150807025,52.896353686624565
0.9171595653909813,52.92399023505018
0.9172739575218137,52.95162678347579
0.917388191691626,52.97926333190141
0.9175022681185415,53.00689988032702
0.9176161870203838,53.03453642875263
0.9177299486146748,53.06217297717824
0.9178435531186362,53.08980952560386
0.9179570007491898,53.11744607402947
0.9180702917229583,53.145082622455085
0.9181834262562643,53.1727191708807
0.9182964045651324,53.200355719306316
0.9184092268652887,53.22799226773193
0.9185218933721617,53.25562881615754
0.918634404300882,53.28326536458316
0.9187467598662831,53.31090191300877
0.918858960282902,53.33853846143438
0.9189710057649799,53.366175009859994
0.9190828965264615,53.39381155828561
0.9191946327809964,53.421448106711225
0.9193062147419391,53.449084655136836
0.9194176426223493,53.47672120356245
0.9195289166349926,53.50435775198807
0.9196400369923411,53.53199430041368
0.9197510039065732,53.55963084883929
0.9198618175895745,53.5872673972649
0.9199724782529377,53.61490394569052
0.9200829861079635,53.64254049411613
0.9201933413656609,53.670177042541745
0.9203035442367474,53.69781359096736
0.9204135949316498,53.725450139392976
0.9205234936605039,53.75308668781859
0.9206332406331555,53.7807232362442
0.9207428360591609,53.80835978466982
0.9208522801477863,53.83599633309543
0.9209615731080097,53.86363288152104
0.9210707151485206,53.891269429946654
0.9211797064777195,53.91890597837227
0.9212885473037199,53.946542526797884
0.9213972378343473,53.974179075223496
0.9215057782771409,54.00181562364911
0.9216141688393525,54.02945217207473
0.9217224097279487,54.05708872050034
0.9218305011496094,54.08472526892595
0.9219384433107298,54.11236181735156
0.9220462364174195,54.13999836577718
0.9221538806755034,54.16763491420279
0.9222613762905234,54.195271462628405
0.9223687234677362,54.22290801105402
0.9224759224121158,54.250544559479636
0.9225829733283527,54.27818110790525
0.9226898764208552,54.30581765633086
0.9227966318937488,54.33345420475647
0.9229032399508779,54.36109075318209
0.9230097007958047,54.3887273016077
0.9231160146318104,54.416363850033314
0.923222181661896,54.44400039845893
0.9233282020887817,54.471636946884544
0.9234340761149079,54.499273495310156
0.9235398039424357,54.52691004373577
0.9236453857732465,54.55454659216139
0.9237508218089433,54.582183140587
0.9238561122508508,54.60981968901261
0.9239612573000158,54.63745623743822
0.9240662571572067,54.66509278586384
0.9241711120229154,54.69272933428945
0.9242758220973566,54.720365882715065
0.924380387580469,54.74800243114068
0.9244848086719146,54.775638979566295
0.9245890855710801,54.80327552799191
0.9246932184770769,54.83091207641752
0.9247972075887411,54.85854862484313
0.9249010531046343,54.88618517326875
0.9250047552230444,54.91382172169436
0.9251083141419847,54.94145827011997
0.925211730059196,54.96909481854559
0.9253150031721452,54.996731366971204
0.9254181336780269,55.024367915396816
0.9255211217737634,55.05200446382243
0.9256239676560051,55.07964101224805
0.9257266715211309,55.10727756067366
0.925829233565248,55.13491410909927
0.9259316539841936,55.16255065752488
0.9260339329735341,55.1901872059505
0.9261360707285656,55.21782375437611
0.9262380674443149,55.245460302801725
0.9263399233155394,55.273096851227336
0.9264416385367273,55.300733399652955
0.9265432133020988,55.32836994807857
0.9266446478056055,55.35600649650418
0.9267459422409309,55.38364304492979
0.9268470968014916,55.41127959335541
0.9269481116804371,55.43891614178102
0.92704898707065,55.46655269020663
0.9271497231647462,55.49418923863225
0.9272503201550761,55.521825787057864
0.9273507782337242,55.549462335483476
0.9274510975925104,55.57709888390909
0.9275512784229889,55.60473543233471
0.9276513209164496,55.63237198076032
0.9277512252639184,55.66000852918593
0.9278509916561577,55.68764507761154
0.9279506202836657,55.71528162603716
0.9280501113366787,55.74291817446277
0.9281494650051689,55.770554722888384
0.9282486814788473,55.798191271313996
0.9283477609471626,55.825827819739615
0.9284467035993015,55.85346436816523
0.9285455096241898,55.88110091659084
0.9286441792104928,55.90873746501645
0.9287427125466146,55.93637401344207
0.9288411098206995,55.96401056186768
0.9289393712206317,55.99164711029329
0.9290374969340364,56.019283658718905
0.9291354871482793,56.046920207144524
0.9292333420504677,56.074556755570136
0.9293310618274505,56.10219330399575
0.929428646665818,56.129829852421366
0.9295260967519037,56.15746640084698
0.9296234122717834,56.18510294927259
0.9297205934112757,56.2127394976982
0.929817640355943,56.24037604612382
0.9299145532910915,56.26801259454943
0.9300113324017711,56.295649142975044
0.9301079778727765,56.323285691400656
0.9302044898886473,56.350922239826275
0.930300868633668,56.37855878825189
0.9303971142918689,56.4061953366775
0.9304932270470255,56.43383188510311
0.9305892070826602,56.46146843352873
0.9306850545820422,56.48910498195434
0.9307807697281871,56.51674153037995
0.9308763527038578,56.544378078805565
0.930971803691565,56.572014627231184
0.9310671228735673,56.599651175656795
0.9311623104318717,56.62728772408241
0.9312573665482341,56.654924272508026
0.9313522914041588,56.68256082093364
0.9314470851808999,56.71019736935925
0.931541748059461,56.73783391778486
0.9316362802205961,56.76547046621048
0.9317306818448092,56.79310701463609
0.9318249531123552,56.820743563061704
0.9319190942032405,56.848380111487316
0.9320131052972221,56.876016659912935
0.9321069865738095,56.90365320833855
0.9322007382122641,56.93128975676416
0.9322943603915996,56.95892630518977
0.9323878532905825,56.98656285361539
0.9324812170877327,57.014199402041
0.9325744519613233,57.04183595046661
0.9326675580893815,57.069472498892225
0.9327605356496886,57.09710904731784
0.9328533848197802,57.124745595743455
0.9329461057769473,57.15238214416907
0.9330386986982352,57.180018692594686
0.9331311637604455,57.2076552410203
0.9332235011401351,57.23529178944591
0.9333157110136177,57.26292833787152
0.9334077935569629,57.29056488629714
0.9334997489459975,57.31820143472275
0.9335915773563057,57.345837983148364
0.9336832789632289,57.373474531573976
0.9337748539418662,57.401111079999595
0.9338663024670756,57.42874762842521
0.9339576247134731,57.45638417685082
0.9340488208554336,57.48402072527643
0.9341398910670916,57.51165727370205
0.9342308355223409,57.53929382212766
0.9343216543948348,57.56693037055327
0.9344123478579872,57.594566918978884
0.9345029160849727,57.6222034674045
0.9345933592487266,57.649840015830115
0.9346836775219451,57.67747656425573
0.9347738710770862,57.70511311268134
0.9348639400863701,57.73274966110696
0.9349538847217784,57.76038620953257
0.935043705155056,57.78802275795818
0.93513340155771,57.8156593063838
0.935222974101011,57.84329585480941
0.9353124229559932,57.870932403235024
0.9354017482934543,57.898568951660636
0.9354909502839565,57.926205500086255
0.935580029097826,57.953842048511866
0.9356689849051547,57.98147859693748
0.9357578178757983,58.00911514536309
0.9358465281793791,58.03675169378871
0.9359351159852849,58.06438824221432
0.9360235814626691,58.09202479063993
0.936111924780452,58.119661339065544
0.9362001461073205,58.14729788749116
0.9362882456117286,58.174934435916775
0.9363762234618979,58.20257098434239
0.936464079825817,58.230207532768
0.9365518148712432,58.25784408119362
0.9366394287657019,58.28548062961923
0.9367269216764874,58.31311717804484
0.9368142937706626,58.34075372647046
0.9369015452150602,58.36839027489607
0.936988676176282,58.396026823321684
0.9370756868206999,58.423663371747296
0.9371625773144564,58.451299920172914
0.9372493478234641,58.478936468598526
0.9373359985134069,58.50657301702414
0.9374225295497394,58.53420956544975
0.9375089410976885,58.56184611387537
0.9375952333222521,58.58948266230098
0.9376814063882009,58.61711921072659
0.9377674604600779,58.644755759152204
0.9378533957021985,58.67239230757782
0.9379392122786518,58.700028856003435
0.9380249103532999,58.72766540442905
0.9381104900897789,58.75530195285466
0.9381959516514986,58.78293850128028
0.9382812952016434,58.81057504970589
0.9383665209031725,58.8382115981315
0.9384516289188196,58.86584814655712
0.9385366194110942,58.89348469498273
0.9386214925422812,58.921121243408344
0.9387062484744412,58.948757791833955
0.9387908873694113,58.976394340259574
0.938875409388805,59.004030888685186
0.9389598146940124,59.0316674371108
0.9390441034462014,59.05930398553641
0.9391282758063165,59.08694053396203
0.9392123319350808,59.11457708238764
0.9392962719929948,59.14221363081325
0.9393800961403377,59.169850179238864
0.939463804537167,59.19748672766448
0.9395473973433202,59.225123276090095
0.9396308747184128,59.25275982451571
0.9397142368218404,59.28039637294132
0.9397974838127788,59.30803292136694
0.9398806158501837,59.33566946979255
0.9399636330927912,59.36330601821816
0.9400465356991186,59.39094256664377
0.9401293238274638,59.41857911506939
0.9402119976359063,59.446215663495
0.9402945572823078,59.473852211920615
0.9403770029243113,59.501488760346234
0.9404593347193425,59.529125308771846
0.9405415528246096,59.55676185719746
0.9406236573971034,59.58439840562307
0.940705648593599,59.61203495404869
0.9407875265706537,59.6396715024743
0.9408692914846094,59.66730805089991
0.9409509434915917,59.694944599325524
0.9410324827475112,59.72258114775114
0.9411139094080624,59.750217696176755
0.9411952236287253,59.777854244602366
0.9412764255647654,59.80549079302798
0.9413575153712332,59.8331273414536
0.9414384932029655,59.86076388987921
0.9415193592145853,59.88840043830482
0.941600113560502,59.91603698673043
0.9416807563949116,59.94367353515605
0.9417612878717976,59.97131008358166
0.9418417081449302,59.998946632007275
0.9419220173678681,60.026583180432894
0.9420022156939574,60.054219728858506
0.9420823032763325,60.08185627728412
0.9421622802679165,60.10949282570973
0.9422421468214213,60.13712937413535
0.9423219030893475,60.16476592256096
0.942401549223986,60.19240247098657
0.9424810853774167,60.220039019412184
0.9425605117015098,60.2476755678378
0.9426398283479254,60.275312116263414
0.9427190354681144,60.302948664689026
0.9427981332133191,60.33058521311464
0.9428771217345722,60.35822176154026
0.9429560011826982,60.38585830996587
0.943034771708313,60.41349485839148
0.943113433461825,60.44113140681709
0.9431919865934347,60.46876795524271
0.943270431253135,60.49640450366832
0.9433487675907122,60.524041052093935
0.9434269957557451,60.55167760051955
0.9435051158976061,60.579314148945166
0.943583128165462,60.60695069737078
0.9436610327082726,60.63458724579639
0.9437388296747928,60.66222379422201
0.9438165192135718,60.68986034264762
0.9438941014729537,60.71749689107323
0.9439715766010778,60.745133439498844
0.9440489447458784,60.77276998792446
0.9441262060550865,60.800406536350074
0.9442033606762279,60.828043084775686
0.9442804087566257,60.8556796332013
0.9443573504433989,60.88331618162692
0.9444341858834635,60.91095273005253
0.9445109152235331,60.93858927847814
0.9445875386101182,60.96622582690375
0.944664056189527,60.99386237532937
0.9447404681078659,61.02149892375498
0.9448167745110393,61.049135472180595
0.9448929755447505,61.07677202060621
0.9449690713545011,61.104408569031825
0.9450450620855922,61.13204511745744
0.945120947883124,61.15968166588305
0.9451967288919966,61.18731821430867
0.9452724052569096,61.21495476273428
0.9453479771223632,61.24259131115989
0.9454234446326578,61.2702278595855
0.9454988079318948,61.29786440801112
0.9455740671639763,61.325500956436734
0.945649222472606,61.353137504862346
0.9457242740012888,61.38077405328796
0.9457992218933317,61.40841060171358
0.9458740662918437,61.43604715013919
0.9459488073397365,61.4636836985648
0.9460234451797238,61.49132024699041
0.946097979954323,61.51895679541603
0.9461724118058542,61.54659334384164
0.9462467408764409,61.574229892267255
0.9463209673080107,61.601866440692866
0.9463950912422952,61.629502989118485
0.94646911282083,61.6571395375441
0.9465430321849553,61.68477608596971
0.9466168494758165,61.71241263439533
0.9466905648343635,61.74004918282094
0.9467641784013523,61.76768573124655
0.9468376903173437,61.79532227967216
0.946911100722705,61.82295882809778
0.9469844097576096,61.850595376523394
0.9470576175620371,61.878231924949006
0.9471307242757742,61.90586847337462
0.9472037300384138,61.93350502180024
0.9472766349893574,61.96114157022585
0.9473494392678123,61.98877811865146
0.9474221430127948,62.01641466707707
0.9474947463631288,62.04405121550269
0.9475672494574466,62.0716877639283
0.9476396524341894,62.099324312353914
0.9477119554316064,62.126960860779526
0.9477841585877563,62.154597409205145
0.9478562620405077,62.18223395763076
0.9479282659275381,62.20987050605637
0.948000170386335,62.23750705448198
0.9480719755541963,62.2651436029076
0.9481436815682303,62.29278015133321
0.9482152885653555,62.32041669975882
0.9482867966823022,62.34805324818444
0.948358206055611,62.375689796610054
0.9484295168216345,62.403326345035666
0.9485007291165367,62.43096289346128
0.9485718430762938,62.458599441886896
0.9486428588366942,62.48623599031251
0.9487137765333388,62.51387253873812
0.9487845963016411,62.54150908716373
0.9488553182768278,62.56914563558935
0.9489259425939388,62.59678218401496
0.9489964693878273,62.624418732440574
0.9490668987931606,62.652055280866186
0.94913723094442,62.679691829291805
0.9492074659759011,62.70732837771742
0.949277604021714,62.73496492614303
0.9493476452157834,62.76260147456864
0.9494175896918494,62.79023802299426
0.9494874375834674,62.81787457141987
0.9495571890240082,62.84551111984548
0.9496268441466584,62.8731476682711
0.9496964030844208,62.900784216696714
0.9497658659701148,62.928420765122326
0.9498352329363756,62.95605731354794
0.9499045041156564,62.983693861973556
0.9499736796402264,63.01133041039917
0.9500427596421728,63.03896695882478
0.9501117442534,63.06660350725039
0.9501806336056308,63.09424005567601
0.9502494278304056,63.12187660410162
0.9503181270590835,63.149513152527234
0.9503867314228419,63.177149700952846
0.9504552410526772,63.204786249378465
0.950523656079405,63.23242279780408
0.9505919766336601,63.26005934622969
0.9506602028458976,63.2876958946553
0.950728334846391,63.31533244308092
0.9507963727652351,63.34296899150653
0.9508643167323447,63.37060553993214
0.9509321668774554,63.39824208835776
0.9509999233301234,63.425878636783374
0.9510675862197261,63.453515185208985
0.9511351556754619,63.4811517336346
0.9512026318263516,63.508788282060216
0.951270014801237,63.53642483048583
0.9513373047287824,63.56406137891144
0.9514045017374745,63.59169792733705
0.9514716059556223,63.61933447576267
0.9515386175113578,63.64697102418828
0.9516055365326364,63.674607572613894
0.951672363147236,63.702244121039506
0.9517390974827585,63.729880669465125
0.95180573966663,63.75751721789074
0.9518722898260997,63.78515376631635
0.9519387480882421,63.81279031474196
0.9520051145799554,63.84042686316758
0.9520713894279633,63.86806341159319
0.9521375727588137,63.8956999600188
0.9522036646988804,63.923336508444415
0.9522696653743625,63.95097305687003
0.9523355749112848,63.978609605295645
0.952401393435498,64.00624615372126
0.9524671210726792,64.03388270214687
0.9525327579483318,64.06151925057249
0.9525983041877861,64.0891557989981
0.952663759916199,64.11679234742371
0.9527291252585549,64.14442889584933
0.9527944003396653,64.17206544427493
0.9528595852841698,64.19970199270055
0.9529246802165354,64.22733854112617
0.9529896852610578,64.25497508955178
0.95305460054186,64.2826116379774
0.9531194261828949,64.31024818640302
0.9531841623079435,64.33788473482862
0.953248809040616,64.36552128325424
0.953313366504352,64.39315783167984
0.9533778348224206,64.42079438010546
0.9534422141179203,64.44843092853108
0.9535065045137804,64.47606747695669
0.95357070613276,64.5037040253823
0.9536348190974483,64.53134057380792
0.953698843530266,64.55897712223353
0.9537627795534643,64.58661367065915
0.9538266272891257,64.61425021908477
0.9538903868591638,64.64188676751037
0.9539540583853247,64.66952331593599
0.9540176419891854,64.6971598643616
0.9540811377921555,64.72479641278721
0.954144545915477,64.75243296121283
0.9542078664802243,64.78006950963844
0.9542710996073046,64.80770605806406
0.9543342454174585,64.83534260648968
0.9543973040312592,64.86297915491528
0.9544602755691143,64.8906157033409
0.9545231601512643,64.9182522517665
0.954585957897784,64.94588880019212
0.9546486689285824,64.97352534861774
0.9547112933634027,65.00116189704335
0.9547738313218235,65.02879844546896
0.9548362829232576,65.05643499389458
0.9548986482869527,65.08407154232019
0.9549609275319925,65.11170809074581
0.9550231207772958,65.13934463917143
0.9550852281416171,65.16698118759703
0.9551472497435475,65.19461773602265
0.9552091857015137,65.22225428444825
0.9552710361337796,65.24989083287387
0.955332801158445,65.27752738129949
0.9553944808934469,65.3051639297251
0.9554560754565596,65.33280047815072
0.9555175849653949,65.36043702657634
0.9555790095374016,65.38807357500194
0.9556403492898667,65.41571012342756
0.9557016043399156,65.44334667185316
0.9557627748045113,65.47098322027878
0.9558238608004558,65.4986197687044
0.9558848624443893,65.52625631713
0.9559457798527913,65.55389286555562
0.9560066131419803,65.58152941398124
0.9560673624281147,65.60916596240685
0.9561280278271915,65.63680251083247
0.9561886094550486,65.66443905925809
0.9562491074273629,65.69207560768369
0.9563095218596526,65.71971215610931
0.9563698528672757,65.74734870453491
0.9564301005654309,65.77498525296053
0.956490265069158,65.80262180138615
0.9565503464933383,65.83025834981176
0.9566103449526937,65.85789489823738
0.9566702605617884,65.885531446663
0.9567300934350279,65.9131679950886
0.9567898436866601,65.94080454351422
0.9568495114307749,65.96844109193982
0.9569090967813045,65.99607764036544
0.9569685998520242,66.02371418879106
0.957028020756552,66.05135073721667
0.957087359608349,66.07898728564228
0.9571466165207195,66.1066238340679
0.9572057916068115,66.13426038249351
0.9572648849796167,66.16189693091913
0.9573238967519708,66.18953347934473
0.9573828270365536,66.21717002777035
0.9574416759458895,66.24480657619597
0.9575004435923473,66.27244312462157
0.9575591300881409,66.3000796730472
0.9576177355453289,66.32771622147281
0.9576762600758154,66.35535276989842
0.9577347037913498,66.38298931832404
0.9577930668035275,66.41062586674965
0.9578513492237893,66.43826241517526
0.9579095511634227,66.46589896360088
0.957967672733561,66.49353551202648
0.9580257140451844,66.5211720604521
0.9580836752091199,66.54880860887772
0.9581415563360408,66.57644515730333
0.9581993575364686,66.60408170572894
0.9582570789207715,66.63171825415456
0.9583147205991653,66.65935480258017
0.9583722826817137,66.68699135100579
0.9584297652783286,66.71462789943139
0.9584871684987701,66.74226444785701
0.9585444924526464,66.76990099628263
0.9586017372494146,66.79753754470823
0.9586589029983806,66.82517409313385
0.9587159898086998,66.85281064155947
0.9587729977893759,66.88044718998508
0.9588299270492628,66.9080837384107
0.958886777697064,66.93572028683631
0.958943549841333,66.96335683526192
0.959000243590473,66.99099338368754
0.9590568590527376,67.01862993211314
0.9591133963362313,67.04626648053876
0.959169855548909,67.07390302896438
0.9592262367985764,67.10153957738999
0.9592825401928908,67.1291761258156
0.9593387658393605,67.15681267424122
0.9593949138453454,67.18444922266683
0.9594509843180572,67.21208577109245
0.9595069773645593,67.23972231951805
0.9595628930917677,67.26735886794367
0.9596187316064502,67.29499541636929
0.9596744930152278,67.3226319647949
0.959730177424574,67.35026851322051
0.9597857849408151,67.37790506164613
0.9598413156701308,67.40554161007174
0.9598967697185541,67.43317815849736
0.9599521471919715,67.46081470692297
0.9600074481961237,67.48845125534858
0.9600626728366046,67.5160878037742
0.9601178212188628,67.5437243521998
0.9601728934482014,67.57136090062542
0.9602278896297781,67.59899744905104
0.9602828098686049,67.62663399747665
0.9603376542695492,67.65427054590226
0.9603924229373335,67.68190709432788
0.9604471159765358,67.70954364275349
0.9605017334915893,67.7371801911791
0.9605562755867835,67.76481673960471
0.9606107423662635,67.79245328803033
0.960665133934031,67.82008983645595
0.9607194503939438,67.84772638488155
0.9607736918497158,67.87536293330717
0.9608278584049189,67.90299948173279
0.960881950162981,67.9306360301584
0.9609359672271872,67.95827257858402
0.9609899097006805,67.98590912700963
0.9610437776864613,68.01354567543524
0.9610975712873876,68.04118222386086
0.9611512906061753,68.06881877228646
0.9612049357453988,68.09645532071208
0.9612585068074908,68.1240918691377
0.961312003894742,68.1517284175633
0.9613654271093026,68.17936496598892
0.9614187765531813,68.20700151441454
0.9614720523282458,68.23463806284015
0.9615252545362237,68.26227461126577
0.9615783832787019,68.28991115969137
0.9616314386571269,68.31754770811699
0.9616844207728049,68.34518425654261
0.9617373297269027,68.37282080496821
0.9617901656204468,68.40045735339383
0.961842928554325,68.42809390181945
0.9618956186292852,68.45573045024506
0.961948235945936,68.48336699867068
0.962000780604748,68.5110035470963
0.962053252706052,68.5386400955219
0.9621056523500408,68.56627664394752
0.9621579796367689,68.59391319237312
0.9622102346661523,68.62154974079874
0.9622624175379694,68.64918628922436
0.9623145283518607,68.67682283764996
0.9623665672073288,68.70445938607558
0.9624185342037391,68.7320959345012
0.9624704294403205,68.75973248292681
0.9625222530161633,68.78736903135243
0.9625740050302224,68.81500557977803
0.9626256855813157,68.84264212820365
0.9626772947681242,68.87027867662927
0.962728832689193,68.89791522505487
0.9627802994429309,68.92555177348049
0.9628316951276112,68.95318832190611
0.9628830198413711,68.98082487033172
0.9629342736822126,69.00846141875734
0.9629854567480023,69.03609796718294
0.9630365691364711,69.06373451560856
0.9630876109452156,69.09137106403418
0.9631385822716976,69.11900761245978
0.963189483213244,69.1466441608854
0.9632403138670478,69.17428070931102
0.9632910743301669,69.20191725773662
0.963341764699526,69.22955380616224
0.963392385071916,69.25719035458786
0.9634429355439934,69.28482690301347
0.9634934162122819,69.31246345143909
0.9635438271731716,69.34009999986469
0.9635941685229195,69.36773654829031
0.96364444035765,69.39537309671593
0.9636946427733541,69.42300964514153
0.9637447758658911,69.45064619356715
0.9637948397309873,69.47828274199277
0.9638448344642371,69.50591929041838
0.9638947601611028,69.533555838844
0.9639446169169146,69.5611923872696
0.9639944048268717,69.58882893569522
0.9640441239860414,69.61646548412084
0.9640937744893597,69.64410203254644
0.9641433564316318,69.67173858097206
0.9641928699075317,69.69937512939768
0.9642423150116028,69.72701167782328
0.9642916918382579,69.7546482262489
0.9643410004817794,69.78228477467452
0.9643902410363197,69.80992132310013
0.9644394135959009,69.83755787152575
0.9644885182544156,69.86519441995135
0.9645375551056266,69.89283096837697
0.9645865242431667,69.92046751680259
0.9646354257605402,69.9481040652282
0.964684259751122,69.97574061365381
0.9647330263081582,70.00337716207943
0.9647817255247657,70.03101371050504
0.9648303574939332,70.05865025893065
0.9648789223085206,70.08628680735626
0.9649274200612602,70.11392335578188
0.964975850844756,70.1415599042075
0.9650242147514837,70.1691964526331
0.9650725118737918,70.19683300105872
0.965120742303901,70.22446954948434
0.9651689061339052,70.25210609790994
0.9652170034557701,70.27974264633556
0.9652650343613353,70.30737919476118
0.9653129989423133,70.33501574318679
0.9653608972902897,70.3626522916124
0.9654087294967244,70.39028884003801
0.96545649565295,70.41792538846363
0.9655041958501736,70.44556193688925
0.9655518301794761,70.47319848531485
0.9655993987318129,70.50083503374047
0.9656469015980136,70.52847158216609
0.9656943388687824,70.5561081305917
0.9657417106346984,70.58374467901731
0.9657890169862152,70.61138122744292
0.9658362580136621,70.63901777586854
0.9658834338072433,70.66665432429416
0.9659305444570382,70.69429087271976
0.9659775900530023,70.72192742114538
0.9660245706849668,70.749563969571
0.9660714864426385,70.7772005179966
0.9661183374156009,70.80483706642222
0.9661651236933132,70.83247361484784
0.9662118453651114,70.86011016327345
0.9662585025202081,70.88774671169907
0.9663050952476926,70.91538326012467
0.9663516236365312,70.94301980855029
0.9663980877755678,70.97065635697591
0.9664444877535228,70.99829290540151
0.9664908236589946,71.02592945382713
0.9665370955804596,71.05356600225275
0.9665833036062711,71.08120255067836
0.9666294478246611,71.10883909910397
0.966675528323739,71.13647564752958
0.9667215451914939,71.1641121959552
0.9667674985157922,71.19174874438082
0.9668133883843796,71.21938529280642
0.96685921488488,71.24702184123204
0.9669049781047968,71.27465838965766
0.9669506781315126,71.30229493808326
0.9669963150522892,71.32993148650888
0.9670418889542678,71.3575680349345
0.9670873999244695,71.3852045833601
0.9671328480497948,71.41284113178573
0.9671782334170247,71.44047768021133
0.9672235561128203,71.46811422863695
0.9672688162237226,71.49575077706257
0.9673140138361537,71.52338732548817
0.967359149036416,71.55102387391379
0.9674042219106925,71.57866042233941
0.9674492325450478,71.60629697076502
0.9674941810254273,71.63393351919063
0.9675390674376574,71.66157006761624
0.9675838918674468,71.68920661604186
0.9676286544003853,71.71684316446748
0.9676733551219444,71.74447971289308
0.9677179941174779,71.7721162613187
0.9677625714722217,71.79975280974432
0.9678070872712937,71.82738935816992
0.9678515415996946,71.85502590659554
0.9678959345423074,71.88266245502116
0.9679402661838984,71.91029900344677
0.9679845366091165,71.93793555187239
0.9680287459024933,71.96557210029799
0.9680728941484447,71.99320864872361
0.9681169814312692,72.02084519714923
0.9681610078351491,72.04848174557483
0.9682049734441505,72.07611829400045
0.9682488783422234,72.10375484242607
0.968292722613202,72.13139139085168
0.9683365063408047,72.1590279392773
0.9683802296086339,72.1866644877029
0.9684238925001774,72.21430103612852
0.9684674950988066,72.24193758455414
0.9685110374877788,72.26957413297974
0.9685545197502358,72.29721068140536
0.9685979419692045,72.32484722983098
0.9686413042275973,72.35248377825658
0.9686846066082124,72.3801203266822
0.9687278491937334,72.40775687510781
0.9687710320667298,72.43539342353343
0.9688141553096568,72.46302997195905
0.9688572190048559,72.49066652038465
0.9689002232345553,72.51830306881027
0.9689431680808689,72.54593961723589
0.9689860536257978,72.57357616566149
0.96902887995123,72.60121271408711
0.9690716471389396,72.62884926251273
0.9691143552705884,72.65648581093834
0.9691570044277257,72.68412235936395
0.9691995946917874,72.71175890778956
0.9692421261440979,72.73939545621518
0.9692845988658683,72.7670320046408
0.9693270129381979,72.7946685530664
0.9693693684420746,72.82230510149202
0.9694116654583737,72.84994164991764
0.9694539040678591,72.87757819834324
0.9694960843511834,72.90521474676886
0.9695382063888874,72.93285129519447
0.9695802702614011,72.96048784362009
0.9696222760490434,72.9881243920457
0.9696642238320216,73.01576094047131
0.9697061136904332,73.04339748889693
0.9697479457042647,73.07103403732255
0.969789719953392,73.09867058574815
0.9698314365175809,73.12630713417377
0.9698730954764868,73.15394368259939
0.9699146969096555,73.181580231025
0.9699562408965225,73.20921677945061
0.9699977275164142,73.23685332787622
0.9700391568485469,73.26448987630184
0.9700805289720278,73.29212642472746
0.9701218439658547,73.31976297315306
0.9701631019089164,73.34739952157868
0.970204302879993,73.3750360700043
0.9702454469577554,73.4026726184299
0.9702865342207657,73.43030916685552
0.9703275647474785,73.45794571528113
0.9703685386162391,73.48558226370675
0.9704094559052848,73.51321881213237
0.9704503166927453,73.54085536055797
0.9704911210566423,73.56849190898359
0.9705318690748891,73.59612845740921
0.9705725608252922,73.62376500583481
0.9706131963855503,73.65140155426043
0.9706537758332549,73.67903810268605
0.9706942992458898,73.70667465111165
0.9707347667008329,73.73431119953727
0.9707751782753548,73.76194774796288
0.9708155340466188,73.7895842963885
0.9708558340916823,73.81722084481412
0.9708960784874962,73.84485739323972
0.970936267310905,73.87249394166534
0.9709764006386472,73.90013049009096
0.9710164785473552,73.92776703851656
0.9710565011135557,73.95540358694218
0.9710964684136695,73.98304013536779
0.9711363805240123,74.0106766837934
0.971176237520794,74.03831323221902
0.9712160394801195,74.06594978064463
0.9712557864779886,74.09358632907025
0.971295478590296,74.12122287749587
0.9713351158928317,74.14885942592147
0.9713746984612811,74.17649597434709
0.9714142263712251,74.20413252277271
0.97145369969814,74.23176907119831
0.9714931185173982,74.25940561962393
0.9715324829042677,74.28704216804954
0.971571792933913,74.31467871647516
0.9716110486813941,74.34231526490078
0.9716502502216682,74.36995181332638
0.9716893976295882,74.397588361752
0.9717284909799044,74.42522491017762
0.9717675303472634,74.45286145860322
0.9718065158062084,74.48049800702884
0.9718454474311803,74.50813455545445
0.9718843252965175,74.53577110388007
0.9719231494764546,74.56340765230568
0.9719619200451244,74.59104420073129
0.9720006370765578,74.61868074915691
0.9720393006446824,74.64631729758253
0.9720779108233243,74.67395384600813
0.9721164676862077,74.70159039443375
0.9721549713069549,74.72922694285937
0.9721934217590865,74.75686349128497
0.9722318191160216,74.7845000397106
0.972270163451078,74.8121365881362
0.9723084548374721,74.83977313656182
0.9723466933483194,74.86740968498744
0.9723848790566343,74.89504623341304
0.9724230120353303,74.92268278183866
0.9724610923572204,74.95031933026428
0.9724991200950167,74.97795587868988
0.9725370953213317,75.0055924271155
0.9725750181086766,75.0332289755411
0.9726128885294633,75.06086552396673
0.9726507066560031,75.08850207239234
0.9726884725605078,75.11613862081795
0.9727261863150897,75.14377516924357
0.9727638479917609,75.17141171766919
0.9728014576624344,75.19904826609479
0.972839015398924,75.22668481452041
0.9728765212729442,75.25432136294602
0.9729139753561106,75.28195791137163
0.9729513777199394,75.30959445979725
0.9729887284358488,75.33723100822286
0.9730260275751579,75.36486755664848
0.9730632752090875,75.3925041050741
0.9731004714087601,75.4201406534997
0.9731376162451997,75.44777720192532
0.9731747097893324,75.47541375035094
0.9732117521119867,75.50305029877654
0.9732487432838924,75.53068684720216
0.9732856833756826,75.55832339562777
0.9733225724578926,75.58595994405339
0.9733594106009595,75.613596492479
0.9733961978752244,75.64123304090461
0.9734329343509306,75.66886958933023
0.9734696200982244,75.69650613775585
0.973506255187155,75.72414268618145
0.9735428396876753,75.75177923460707
0.9735793736696416,75.77941578303268
0.9736158572028139,75.8070523314583
0.973652290356855,75.83468887988391
0.9736886732013325,75.86232542830952
0.9737250058057174,75.88996197673514
0.973761288239385,75.91759852516076
0.9737975205716145,75.94523507358636
0.9738337028715898,75.97287162201198
0.9738698352083986,76.0005081704376
0.9739059176510345,76.0281447188632
0.9739419502683947,76.05578126728882
0.9739779331292814,76.08341781571443
0.9740138663024019,76.11105436414005
0.974049749856369,76.13869091256566
0.9740855838597005,76.16632746099127
0.9741213683808192,76.19396400941689
0.9741571034880542,76.2216005578425
0.9741927892496394,76.24923710626811
0.9742284257337152,76.27687365469373
0.9742640130083271,76.30451020311934
0.9742995511414277,76.33214675154495
0.9743350402008749,76.35978329997057
0.9743704802544333,76.38741984839618
0.9744058713697735,76.4150563968218
0.9744412136144734,76.44269294524742
0.9744765070560168,76.47032949367302
0.9745117517617952,76.49796604209864
0.9745469477991061,76.52560259052426
0.9745820952351544,76.55323913894986
0.9746171941370525,76.58087568737548
0.9746522445718196,76.60851223580109
0.9746872466063833,76.6361487842267
0.9747222003075774,76.66378533265232
0.9747571057421447,76.69142188107793
0.9747919629767348,76.71905842950355
0.974826772077906,76.74669497792917
0.9748615331121245,76.77433152635477
0.9748962461457646,76.80196807478039
0.9749309112451091,76.829604623206
0.9749655284763492,76.85724117163161
0.9750000979055844,76.88487772005723
0.9750346195988235,76.91251426848284
0.9750690936219837,76.94015081690846
0.9751035200408913,76.96778736533408
0.975137898921282,76.99542391375968
0.9751722303288001,77.0230604621853
0.975206514329,77.05069701061092
0.9752407509873451,77.07833355903652
0.9752749403692079,77.10597010746214
0.975309082539872,77.13360665588775
0.9753431775645298,77.16124320431337
0.9753772255082839,77.18887975273898
0.9754112264361469,77.21651630116459
0.9754451804130422,77.24415284959021
0.9754790875038029,77.27178939801583
0.9755129477731727,77.29942594644143
0.975546761285806,77.32706249486705
0.9755805281062682,77.35469904329265
0.9756142482990351,77.38233559171827
0.9756479219284934,77.40997214014389
0.9756815490589416,77.4376086885695
0.9757151297545884,77.46524523699512
0.975748664079555,77.49288178542074
0.9757821520978729,77.52051833384634
0.9758155938734858,77.54815488227196
0.9758489894702492,77.57579143069758
0.9758823389519301,77.60342797912318
0.9759156423822075,77.6310645275488
0.9759488998246727,77.6587010759744
0.975982111342829,77.68633762440002
0.976015277000092,77.71397417282564
0.9760483968597901,77.74161072125125
0.9760814709851634,77.76924726967687
0.9761144994393652,77.79688381810249
0.9761474822854622,77.82452036652809
0.976180419586433,77.85215691495371
0.9762133114051696,77.87979346337931
0.9762461578044772,77.90743001180493
0.9762789588470744,77.93506656023055
0.9763117145955931,77.96270310865616
0.9763444251125784,77.99033965708178
0.9763770904604895,78.0179762055074
0.9764097107016991,78.045612753933
0.9764422858984939,78.07324930235862
0.9764748161130745,78.10088585078422
0.9765073014075558,78.12852239920984
0.9765397418439664,78.15615894763546
0.97657213748425,78.18379549606107
0.9766044883902639,78.21143204448668
0.9766367946237808,78.2390685929123
0.9766690562464878,78.26670514133791
0.9767012733199867,78.29434168976353
0.9767334459057939,78.32197823818915
0.9767655740653419,78.34961478661475
0.9767976578599772,78.37725133504037
0.9768296973509625,78.40488788346597
0.9768616925994752,78.4325244318916
0.9768936436666089,78.46016098031721
0.9769255506133723,78.48779752874282
0.97695741350069,78.51543407716844
0.9769892323894023,78.54307062559405
0.977021007340266,78.57070717401966
0.9770527384139537,78.59834372244528
0.9770844256710541,78.62598027087088
0.9771160691720723,78.6536168192965
0.97714766897743,78.68125336772212
0.9771792251474655,78.70888991614773
0.9772107377424334,78.73652646457334
0.9772422068225054,78.76416301299896
0.9772736324477701,78.79179956142457
0.977305014678233,78.81943610985019
0.9773363535738169,78.8470726582758
0.9773676491943615,78.87470920670141
0.9773989015996246,78.90234575512703
0.9774301108492808,78.92998230355263
0.9774612770029226,78.95761885197825
0.9774924001200599,78.98525540040387
0.9775234802601208,79.01289194882948
0.9775545174824513,79.0405284972551
0.977585511846315,79.06816504568071
0.9776164634108945,79.09580159410632
0.9776473722352899,79.12343814253194
0.9776782383785199,79.15107469095754
0.9777090618995219,79.17871123938316
0.9777398428571517,79.20634778780878
0.9777705813101838,79.23398433623439
0.977801277317312,79.26162088466
0.9778319309371485,79.28925743308562
0.9778625422282248,79.31689398151123
0.9778931112489914,79.34453052993685
0.9779236380578186,79.37216707836247
0.9779541227129953,79.39980362678807
0.9779845652727309,79.42744017521369
0.9780149657951533,79.4550767236393
0.9780453243383109,79.48271327206491
0.978075640960172,79.51034982049053
0.9781059157186242,79.53798636891614
0.9781361486714758,79.56562291734176
0.9781663398764547,79.59325946576737
0.9781964893912098,79.62089601419298
0.97822659727331,79.6485325626186
0.9782566635802444,79.6761691110442
0.9782866883694232,79.70380565946982
0.9783166716981774,79.73144220789544
0.9783466136237581,79.75907875632105
0.9783765142033383,79.78671530474666
0.9784063734940112,79.81435185317228
0.9784361915527918,79.84198840159789
0.9784659684366159,79.8696249500235
0.9784957042023412,79.89726149844913
0.9785253989067462,79.92489804687473
0.9785550526065316,79.95253459530035
0.9785846653583197,79.98017114372595
0.9786142372186541,80.00780769215157
0.978643768244001,80.03544424057719
0.9786732584907485,80.0630807890028
0.9787027080152064,80.09071733742842
0.9787321168736071,80.11835388585403
0.978761485122105,80.14599043427964
0.9787908128167777,80.17362698270526
0.9788201000136243,80.20126353113086
0.9788493467685677,80.22890007955648
0.978878553137453,80.2565366279821
0.9789077191760478,80.2841731764077
0.9789368449400435,80.31180972483332
0.9789659304850541,80.33944627325894
0.9789949758666168,80.36708282168455
0.9790239811401924,80.39471937011017
0.979052946361165,80.42235591853579
0.979081871584842,80.44999246696139
0.9791107568664545,80.47762901538701
0.9791396022611576,80.50526556381261
0.9791684078240301,80.53290211223823
0.9791971736100746,80.56053866066385
0.9792258996742179,80.58817520908946
0.9792545860713108,80.61581175751508
0.9792832328561285,80.6434483059407
0.9793118400833707,80.6710848543663
0.9793404078076611,80.69872140279192
0.9793689360835486,80.72635795121752
0.9793974249655062,80.75399449964314
0.9794258745079323,80.78163104806876
0.9794542847651492,80.80926759649437
0.9794826557914051,80.83690414491998
0.9795109876408731,80.8645406933456
0.9795392803676511,80.89217724177121
0.9795675340257628,80.91981379019683
0.9795957486691569,80.94745033862245
0.9796239243517079,80.97508688704805
0.9796520611272156,81.00272343547367
0.979680159049406,81.03035998389927
0.9797082181719302,81.05799653232489
0.9797362385483662,81.08563308075051
0.9797642202322168,81.11326962917612
0.9797921632769119,81.14090617760174
0.9798200677358071,81.16854272602735
0.9798479336621848,81.19617927445296
0.979875761109253,81.22381582287858
0.9799035501301475,81.25145237130418
0.9799313007779293,81.2790889197298
0.979959013105587,81.30672546815542
0.979986687166036,81.33436201658103
0.9800143230121181,81.36199856500664
0.9800419206966029,81.38963511343226
0.9800694802721865,81.41727166185787
0.9800970017914925,81.44490821028349
0.9801244853070717,81.47254475870909
0.9801519308714026,81.50018130713471
0.980179338536891,81.52781785556033
0.9802067083558703,81.55545440398593
0.9802340403806019,81.58309095241155
0.9802613346632747,81.61072750083717
0.9802885912560059,81.63836404926278
0.9803158102108402,81.6660005976884
0.980342991579751,81.69363714611401
0.9803701354146396,81.72127369453962
0.9803972417673356,81.74891024296524
0.9804243106895976,81.77654679139084
0.9804513422331118,81.80418333981646
0.9804783364494938,81.83181988824208
0.9805052933902874,81.85945643666768
0.9805322131069658,81.8870929850933
0.9805590956509305,81.91472953351892
0.9805859410735124,81.94236608194453
0.9806127494259713,81.97000263037015
0.9806395207594966,81.99763917879575
0.9806662551252064,82.02527572722137
0.9806929525741488,82.05291227564699
0.980719613157301,82.0805488240726
0.9807462369255702,82.10818537249821
0.980772823929793,82.13582192092383
0.9807993742207358,82.16345846934944
0.9808258878490952,82.19109501777505
0.9808523648654972,82.21873156620067
0.9808788053204986,82.24636811462628
0.980905209264586,82.2740046630519
0.9809315767481761,82.3016412114775
0.9809579078216166,82.32927775990312
0.980984202535185,82.35691430832874
0.98101046093909,82.38455085675434
0.9810366830834704,82.41218740517996
0.9810628690183959,82.43982395360558
0.9810890187938672,82.46746050203119
0.9811151324598161,82.4950970504568
0.9811412100661052,82.52273359888241
0.9811672516625282,82.55037014730803
0.9811932572988105,82.57800669573365
0.981219227024608,82.60564324415925
0.9812451608895087,82.63327979258487
0.9812710589430322,82.66091634101049
0.9812969212346292,82.6885528894361
0.9813227478136824,82.71618943786171
0.9813485387295066,82.74382598628733
0.9813742940313479,82.77146253471294
0.9814000137683845,82.79909908313856
0.9814256979897272,82.82673563156416
0.9814513467444188,82.85437217998978
0.9814769600814339,82.8820087284154
0.98150253804968,82.909645276841
0.9815280806979968,82.93728182526662
0.9815535880751566,82.96491837369224
0.9815790602298644,82.99255492211785
0.9816044972107583,83.02019147054347
0.9816298990664084,83.04782801896907
0.9816552658453185,83.07546456739469
0.981680597595925,83.10310111582031
0.9817058943665974,83.13073766424591
0.9817311562056388,83.15837421267153
0.9817563831612853,83.18601076109715
0.9817815752817064,83.21364730952276
0.9818067326150051,83.24128385794837
0.9818318552092181,83.268920406374
0.9818569431123155,83.2965569547996
0.9818819963722015,83.32419350322522
0.9819070150367138,83.35183005165082
0.9819319991536246,83.37946660007644
0.9819569487706393,83.40710314850206
0.9819818639353982,83.43473969692766
0.9820067446954753,83.46237624535328
0.9820315910983792,83.4900127937789
0.9820564031915526,83.5176493422045
0.9820811810223732,83.54528589063013
0.9821059246381528,83.57292243905573
0.9821306340861381,83.60055898748135
0.9821553094135104,83.62819553590697
0.9821799506673858,83.65583208433257
0.982204557894816,83.68346863275819
0.9822291311427865,83.71110518118381
0.9822536704582192,83.73874172960942
0.9822781758879704,83.76637827803503
0.982302647478832,83.79401482646065
0.9823270852775312,83.82165137488626
0.9823514893307305,83.84928792331188
0.9823758596850282,83.87692447173748
0.9824001963869584,83.9045610201631
0.9824244994829907,83.93219756858872
0.9824487690195305,83.95983411701432
0.9824730050429191,83.98747066543994
0.9824972075994342,84.01510721386556
0.9825213767352892,84.04274376229117
0.9825455124966336,84.07038031071679
0.9825696149295535,84.09801685914239
0.9825936840800713,84.12565340756801
0.9826177199941457,84.15328995599363
0.982641722717672,84.18092650441923
0.9826656922964823,84.20856305284485
0.982689628776345,84.23619960127047
0.9827135322029658,84.26383614969608
0.9827374026219866,84.2914726981217
0.9827612400789871,84.3191092465473
0.9827850446194838,84.34674579497292
0.9828088162889298,84.37438234339854
0.9828325551327161,84.40201889182414
0.9828562611961705,84.42965544024976
0.9828799345245589,84.45729198867538
0.9829035751630839,84.48492853710098
0.9829271831568863,84.5125650855266
0.9829507585510443,84.54020163395222
0.9829743013905738,84.56783818237783
0.9829978117204284,84.59547473080345
0.9830212895855003,84.62311127922905
0.9830447350306187,84.65074782765467
0.983068148100552,84.67838437608029
0.983091528840006,84.70602092450589
0.9831148772936248,84.73365747293151
0.9831381935059912,84.76129402135713
0.9831614775216264,84.78893056978274
0.9831847293849899,84.81656711820835
0.9832079491404797,84.84420366663396
0.983231136832433,84.87184021505958
0.9832542925051253,84.8994767634852
0.9832774162027712,84.9271133119108
0.9833005079695244,84.95474986033642
0.9833235678494769,84.98238640876204
0.9833465958866608,85.01002295718764
0.9833695921250468,85.03765950561326
0.9833925566085447,85.06529605403888
0.9834154893810043,85.09293260246449
0.9834383904862144,85.1205691508901
0.9834612599679039,85.14820569931571
0.9834840978697402,85.17584224774133
0.9835069042353313,85.20347879616695
0.9835296791082248,85.23111534459255
0.9835524225319081,85.25875189301817
0.9835751345498085,85.28638844144379
0.9835978152052937,85.3140249898694
0.9836204645416711,85.34166153829501
0.983643082602188,85.36929808672062
0.983665669430033,85.39693463514624
0.983688225068334,85.42457118357186
0.98371074956016,85.45220773199746
0.9837332429485203,85.47984428042308
0.9837557052763647,85.5074808288487
0.9837781365865842,85.5351173772743
0.9838005369220099,85.56275392569992
0.9838229063254141,85.59039047412554
0.9838452448395101,85.61802702255115
0.983867552506952,85.64566357097677
0.9838898293703351,85.67330011940237
0.9839120754721961,85.70093666782799
0.9839342908550126,85.72857321625361
0.9839564755612038,85.75620976467921
0.9839786296331299,85.78384631310483
0.9840007531130935,85.81148286153045
0.9840228460433379,85.83911940995606
0.9840449084660482,85.86675595838167
0.9840669404233516,85.89439250680728
0.9840889419573172,85.9220290552329
0.9841109131099555,85.94966560365852
0.9841328539232194,85.97730215208412
0.9841547644390035,86.00493870050974
0.9841766446991451,86.03257524893536
0.9841984947454232,86.06021179736096
0.9842203146195593,86.08784834578658
0.9842421043632172,86.1154848942122
0.9842638640180035,86.1431214426378
0.9842855936254671,86.17075799106343
0.9843072932270994,86.19839453948903
0.9843289628643348,86.22603108791465
0.9843506025785501,86.25366763634027
0.9843722124110655,86.28130418476587
0.9843937924031435,86.30894073319149
0.9844153425959904,86.33657728161711
0.9844368630307547,86.36421383004271
0.9844583537485289,86.39185037846833
0.984479814790348,86.41948692689394
0.984501246197191,86.44712347531956
0.9845226480099801,86.47476002374518
0.9845440202695809,86.50239657217078
0.9845653630168024,86.5300331205964
0.9845866762923976,86.55766966902202
0.9846079601370629,86.58530621744762
0.984629214591439,86.61294276587324
0.9846504396961101,86.64057931429886
0.9846716354916041,86.66821586272447
0.9846928020183937,86.69585241115009
0.984713939316895,86.72348895957569
0.9847350474274685,86.75112550800131
0.9847561263904191,86.77876205642693
0.984777176245996,86.80639860485253
0.9847981970343929,86.83403515327815
0.9848191887957477,86.86167170170377
0.984840151570143,86.88930825012937
0.9848610853976064,86.916944798555
0.98488199031811,86.9445813469806
0.9849028663715702,86.97221789540622
0.984923713597849,86.99985444383184
0.984944532036753,87.02749099225744
0.984965321728034,87.05512754068306
0.9849860827113888,87.08276408910868
0.9850068150264595,87.11040063753428
0.9850275187128331,87.1380371859599
0.9850481938100424,87.16567373438552
0.9850688403575653,87.19331028281113
0.9850894583948253,87.22094683123674
0.9851100479611915,87.24858337966235
0.9851306090959785,87.27621992808797
0.9851511418384471,87.30385647651359
0.9851716462278032,87.33149302493919
0.9851921223031986,87.35912957336481
0.9852125701037318,87.38676612179043
0.9852329896684461,87.41440267021603
0.9852533810363324,87.44203921864165
0.9852737442463262,87.46967576706726
0.9852940793373105,87.49731231549288
0.985314386348114,87.5249488639185
0.9853346653175117,87.5525854123441
0.9853549162842253,87.58022196076972
0.9853751392869231,87.60785850919534
0.9853953343642196,87.63549505762094
0.9854155015546762,87.66313160604656
0.9854356408968012,87.69076815447217
0.9854557524290499,87.71840470289779
0.9854758361898239,87.7460412513234
0.9854958922174724,87.77367779974901
0.9855159205502906,87.80131434817463
0.9855359212265224,87.82895089660025
0.9855558942843576,87.85658744502585
0.9855758397619335,87.88422399345147
0.9855957576973354,87.91186054187709
0.9856156481285954,87.9394970903027
0.9856355110936931,87.96713363872831
0.9856553466305559,87.99477018715392
0.9856751547770586,88.02240673557954
0.985694935571024,88.05004328400516
0.9857146890502223,88.07767983243076
0.9857344152523718,88.10531638085638
0.9857541142151386,88.132952929282
0.9857737859761371,88.1605894777076
0.9857934305729291,88.18822602613322
0.9858130480430252,88.21586257455883
0.9858326384238837,88.24349912298445
0.9858522017529115,88.27113567141006
0.9858717380674639,88.29877221983567
0.9858912474048442,88.32640876826129
0.9859107298023047,88.3540453166869
0.9859301852970458,88.38168186511251
0.9859496139262168,88.40931841353813
0.9859690157269158,88.43695496196375
0.9859883907361894,88.46459151038935
0.9860077389910332,88.49222805881497
0.9860270605283914,88.51986460724058
0.9860463553851577,88.5475011556662
0.9860656235981746,88.57513770409182
0.986084865204234,88.60277425251742
0.9861040802400765,88.63041080094304
0.986123268742392,88.65804734936866
0.98614243074782,88.68568389779426
0.9861615662929496,88.71332044621988
0.9861806754143191,88.74095699464549
0.986199758148416,88.7685935430711
0.986218814531678,88.79623009149672
0.9862378446004924,88.82386663992233
0.9862568483911958,88.85150318834795
0.9862758259400752,88.87913973677357
0.9862947772833672,88.90677628519917
0.9863137024572584,88.93441283362479
0.9863326014978853,88.96204938205041
0.9863514744413346,88.98968593047601
0.9863703213236432,89.01732247890163
0.9863891421807984,89.04495902732724
0.9864079370487376,89.07259557575286
0.9864267059633487,89.10023212417848
0.9864454489604696,89.12786867260408
0.9864641660758892,89.1555052210297
0.9864828573453471,89.18314176945532
0.986501522804533,89.21077831788092
0.9865201624890876,89.23841486630654
0.9865387764346026,89.26605141473215
0.9865573646766203,89.29368796315777
0.9865759272506337,89.32132451158338
0.9865944641920874,89.34896106000899
0.9866129755363767,89.37659760843461
0.9866314613188477,89.40423415686023
0.9866499215747984,89.43187070528583
0.9866683563394776,89.45950725371145
0.9866867656480854,89.48714380213707
0.9867051495357734,89.51478035056267
0.9867235080376449,89.5424168989883
0.9867418411887541,89.5700534474139
0.9867601490241074,89.59768999583952
0.9867784315786629,89.62532654426514
0.9867966888873297,89.65296309269074
0.9868149209849696,89.68059964111636
0.9868331279063954,89.70823618954198
0.9868513096863728,89.73587273796758
0.9868694663596185,89.7635092863932
0.9868875979608018,89.7911458348188
0.9869057045245442,89.81878238324443
0.9869237860854191,89.84641893167004
0.9869418426779523,89.87405548009565
0.9869598743366218,89.90169202852127
0.9869778810958583,89.92932857694689
0.9869958629900447,89.95696512537249
0.9870138200535165,89.98460167379811
0.9870317523205617,90.01223822222373
0.9870496598254209,90.03987477064933
0.9870675426022878,90.06751131907495
0.9870854006853086,90.09514786750056
0.9871032341085823,90.12278441592618
0.9871210429061605,90.1504209643518
0.9871388271120489,90.1780575127774
0.9871565867602048,90.20569406120302
0.9871743218845399,90.23333060962864
0.9871920325189181,90.26096715805424
0.9872097186971571,90.28860370647986
0.9872273804530277,90.31624025490547
0.9872450178202542,90.34387680333109
0.9872626308325139,90.3715133517567
0.987280219523438,90.39914990018231
0.9872977839266113,90.42678644860793
0.987315324075572,90.45442299703355
0.9873328400038125,90.48205954545915
0.9873503317447779,90.50969609388477
0.9873677993318682,90.53733264231037
0.9873852427984369,90.564969190736
0.987402662177791,90.59260573916161
0.9874200575031921,90.62024228758722
0.9874374288078558,90.64787883601284
0.9874547761249514,90.67551538443846
0.9874720994876027,90.70315193286406
0.9874893989288879,90.73078848128968
0.9875066744818394,90.7584250297153
0.9875239261794437,90.7860615781409
0.9875411540546425,90.81369812656652
0.987558358140331,90.84133467499213
0.9875755384693599,90.86897122341774
0.9875926950745338,90.89660777184336
0.9876098279886126,90.92424432026897
0.9876269372443105,90.95188086869459
0.9876440228742969,90.9795174171202
0.9876610849111956,91.00715396554581
0.987678123387586,91.03479051397143
0.9876951383360022,91.06242706239703
0.987712129788933,91.09006361082265
0.9877290977788231,91.11770015924827
0.9877460423380716,91.14533670767388
0.9877629634990334,91.1729732560995
0.9877798612940186,91.20060980452512
0.9877967357552927,91.22824635295072
0.9878135869150765,91.25588290137634
0.9878304148055462,91.28351944980196
0.9878472194588341,91.31115599822756
0.9878640009070279,91.33879254665318
0.9878807591821703,91.36642909507879
0.987897494316261,91.3940656435044
0.9879142063412546,91.42170219193002
0.9879308952890618,91.44933874035563
0.987947561191549,91.47697528878125
0.9879642040805395,91.50461183720687
0.9879808239878116,91.53224838563247
0.9879974209451001,91.55988493405809
0.9880139949840961,91.5875214824837
0.988030546136447,91.61515803090931
0.9880470744337562,91.64279457933493
0.9880635799075835,91.67043112776054
0.9880800625894455,91.69806767618616
0.9880965225108149,91.72570422461177
0.9881129597031211,91.75334077303738
0.9881293741977497,91.780977321463
0.9881457660260439,91.80861386988862
0.9881621352193025,91.83625041831422
0.988178481808782,91.86388696673984
0.9881948058256952,91.89152351516545
0.9882111073012118,91.91916006359106
0.988227386266459,91.94679661201668
0.9882436427525203,91.97443316044229
0.9882598767904366,92.00206970886791
0.9882760884112062,92.02970625729353
0.9882922776457842,92.05734280571913
0.9883084445250829,92.08497935414475
0.9883245890799724,92.11261590257035
0.9883407113412797,92.14025245099597
0.9883568113397893,92.16788899942159
0.9883728891062435,92.1955255478472
0.988388944671342,92.22316209627282
0.9884049780657417,92.25079864469843
0.988420989320058,92.27843519312404
0.9884369784648632,92.30607174154966
0.9884529455306881,92.33370828997528
0.9884688905480205,92.36134483840088
0.9884848135473067,92.3889813868265
0.988500714558951,92.4166179352521
0.9885165936133156,92.44425448367772
0.9885324507407205,92.47189103210334
0.9885482859714441,92.49952758052895
0.988564099335723,92.52716412895457
0.9885798908637519,92.55480067738019
0.9885956605856838,92.58243722580579
0.9886114085316307,92.61007377423141
0.988627134731662,92.63771032265701
0.9886428392158059,92.66534687108263
0.9886585220140495,92.69298341950825
0.9886741831563383,92.72061996793386
0.9886898226725765,92.74825651635948
0.9887054405926269,92.7758930647851
0.988721036946311,92.8035296132107
0.9887366117634093,92.83116616163632
0.9887521650736609,92.85880271006194
0.9887676969067641,92.88643925848754
0.9887832072923765,92.91407580691316
0.9887986962601139,92.94171235533877
0.9888141638395519,92.96934890376438
0.9888296100602249,92.99698545219
0.9888450349516267,93.02462200061561
0.9888604385432105,93.05225854904123
0.9888758208643882,93.07989509746685
0.9888911819445318,93.10753164589245
0.9889065218129726,93.13516819431807
0.988921840499001,93.16280474274367
0.9889371380318676,93.1904412911693
0.9889524144407819,93.21807783959491
0.9889676697549135,93.24571438802052
0.9889829040033915,93.27335093644614
0.9889981172153051,93.30098748487175
0.989013309419703,93.32862403329736
0.9890284806455938,93.35626058172298
0.9890436309219466,93.38389713014858
0.9890587602776896,93.4115336785742
0.9890738687417117,93.43917022699982
0.9890889563428618,93.46680677542543
0.9891040231099487,93.49444332385104
0.9891190690717415,93.52207987227666
0.9891340942569699,93.54971642070227
0.9891490986943237,93.57735296912789
0.9891640824124529,93.6049895175535
0.9891790454399682,93.63262606597911
0.9891939878054409,93.66026261440473
0.9892089095374025,93.68789916283033
0.9892238106643452,93.71553571125595
0.989238691214722,93.74317225968157
0.9892535512169466,93.77080880810718
0.9892683906993932,93.7984453565328
0.9892832096903971,93.82608190495841
0.9892980082182545,93.85371845338402
0.9893127863112223,93.88135500180964
0.9893275439975185,93.90899155023524
0.9893422813053221,93.93662809866086
0.9893569982627732,93.96426464708648
0.9893716948979733,93.99190119551209
0.9893863712389845,94.0195377439377
0.9894010273138306,94.04717429236332
0.9894156631504967,94.07481084078893
0.989430278776929,94.10244738921455
0.9894448742210354,94.13008393764017
0.9894594495106852,94.15772048606577
0.989474004673709,94.18535703449139
0.9894885397378994,94.212993582917
0.98950305473101,94.24063013134261
0.9895175496807564,94.26826667976823
0.9895320246148162,94.29590322819384
0.9895464795608283,94.32353977661946
0.9895609145463937,94.35117632504507
0.9895753295990752,94.37881287347068
0.989589724746398,94.4064494218963
0.9896041000158483,94.4340859703219
0.9896184554348753,94.46172251874752
0.9896327910308896,94.48935906717314
0.9896471068312648,94.51699561559874
0.9896614028633355,94.54463216402436
0.9896756791543996,94.57226871244998
0.9896899357317169,94.59990526087559
0.9897041726225096,94.6275418093012
0.9897183898539623,94.65517835772683
0.989732587453222,94.68281490615243
0.9897467654473981,94.71045145457805
0.989760923863563,94.73808800300365
0.9897750627287513,94.76572455142927
0.9897891820699604,94.79336109985489
0.9898032819141507,94.8209976482805
0.9898173622882447,94.84863419670612
0.9898314232191284,94.87627074513173
0.9898454647336504,94.90390729355734
0.9898594868586222,94.93154384198296
0.9898734896208183,94.95918039040856
0.9898874730469762,94.98681693883418
0.9899014371637965,95.0144534872598
0.9899153819979432,95.0420900356854
0.9899293075760429,95.06972658411102
0.9899432139246859,95.09736313253664
0.9899571010704256,95.12499968096225
0.9899709690397788,95.15263622938787
0.9899848178592255,95.18027277781349
0.9899986475552096,95.20790932623909
0.9900124581541379,95.23554587466471
0.9900262496823812,95.26318242309031
0.9900400221662737,95.29081897151593
0.9900537756321132,95.31845551994155
0.990067510106161,95.34609206836716
0.9900812256146426,95.37372861679277
0.9900949221837468,95.4013651652184
0.9901085998396271,95.429001713644
0.9901222586083996,95.45663826206962
0.9901358985161453,95.48427481049522
0.9901495195889086,95.51191135892084
0.9901631218526985,95.53954790734646
0.9901767053334877,95.56718445577206
0.9901902700572133,95.59482100419768
0.9902038160497761,95.6224575526233
0.9902173433370417,95.65009410104891
0.9902308519448396,95.67773064947453
0.9902443418989639,95.70536719790015
0.9902578132251731,95.73300374632575
0.9902712659491897,95.76064029475137
0.9902847000967008,95.78827684317697
0.9902981156933588,95.81591339160259
0.9903115127647797,95.84354994002821
0.9903248913365446,95.87118648845382
0.9903382514341992,95.89882303687943
0.9903515930832535,95.92645958530505
0.9903649163091833,95.95409613373066
0.9903782211374281,95.98173268215628
0.9903915075933933,96.00936923058188
0.9904047757024483,96.0370057790075
0.9904180254899277,96.06464232743312
0.9904312569811317,96.09227887585872
0.9904444702013248,96.11991542428434
0.990457665175737,96.14755197270996
0.9904708419295637,96.17518852113557
0.9904840004879648,96.20282506956119
0.9904971408760662,96.2304616179868
0.9905102631189587,96.25809816641241
0.9905233672416984,96.28573471483803
0.9905364532693072,96.31337126326363
0.990549521226772,96.34100781168925
0.9905625711390452,96.36864436011487
0.9905756030310451,96.39628090854048
0.9905886169276554,96.4239174569661
0.9906016128537255,96.45155400539171
0.9906145908340704,96.47919055381732
0.9906275508934709,96.50682710224294
0.9906404930566735,96.53446365066854
0.9906534173483905,96.56210019909416
0.9906663237933006,96.58973674751978
0.9906792124160473,96.61737329594538
0.990692083241241,96.645009844371
0.990704936293458,96.67264639279662
0.9907177715972406,96.70028294122223
0.9907305891770968,96.72791948964785
0.9907433890575014,96.75555603807345
0.9907561712628948,96.78319258649907
0.9907689358176844,96.81082913492469
0.9907816827462432,96.8384656833503
0.9907944120729105,96.86610223177591
0.9908071238219928,96.89373878020153
0.9908198180177622,96.92137532862714
0.9908324946844577,96.94901187705275
0.9908451538462846,96.97664842547837
0.990857795527415,97.00428497390398
0.9908704197519875,97.0319215223296
0.9908830265441075,97.0595580707552
0.9908956159278468,97.08719461918082
0.9909081879272442,97.11483116760644
0.9909207425663054,97.14246771603204
0.9909332798690029,97.17010426445766
0.9909457998592758,97.19774081288328
0.9909583025610305,97.22537736130889
0.9909707879981402,97.2530139097345
0.9909832561944452,97.28065045816011
0.9909957071737528,97.30828700658573
0.9910081409598377,97.33592355501135
0.9910205575764413,97.36356010343695
0.9910329570472726,97.39119665186257
0.9910453393960076,97.41883320028819
0.9910577046462898,97.4464697487138
0.9910700528217303,97.47410629713941
0.9910823839459069,97.50174284556503
0.9910946980423653,97.52937939399064
0.9911069951346189,97.55701594241626
0.991119275246148,97.58465249084186
0.9911315384004008,97.61228903926748
0.9911437846207934,97.6399255876931
0.9911560139307093,97.6675621361187
0.9911682263534998,97.69519868454432
0.9911804219124835,97.72283523296994
0.9911926006309474,97.75047178139555
0.9912047625321463,97.77810832982117
0.9912169076393025,97.80574487824677
0.9912290359756063,97.83338142667239
0.9912411475642164,97.86101797509801
0.9912532424282593,97.88865452352361
0.9912653205908292,97.91629107194923
0.9912773820749888,97.94392762037485
0.991289426903769,97.97156416880046
0.9913014551001686,97.99920071722607
0.991313466687155,98.0268372656517
0.9913254616876636,98.0544738140773
0.9913374401245982,98.08211036250292
0.9913494020208311,98.10974691092852
0.9913613473992026,98.13738345935414
0.9913732762825221,98.16502000777976
0.9913851886935672,98.19265655620536
0.9913970846550837,98.22029310463098
0.9914089641897866,98.2479296530566
0.9914208273203592,98.2755662014822
0.9914326740694533,98.30320274990783
0.99144450445969,98.33083929833343
0.9914563185136587,98.35847584675905
0.9914681162539175,98.38611239518467
0.9914798977029936,98.41374894361027
0.9914916628833831,98.44138549203589
0.9915034118175512,98.46902204046151
0.9915151445279317,98.49665858888712
0.9915268610369277,98.52429513731273
0.9915385613669109,98.55193168573835
0.9915502455402229,98.57956823416396
0.9915619135791738,98.60720478258958
0.9915735655060431,98.63484133101518
0.9915852013430796,98.6624778794408
0.9915968211125014,98.69011442786642
0.9916084248364955,98.71775097629202
0.991620012537219,98.74538752471764
0.9916315842367981,98.77302407314326
0.9916431399573277,98.80066062156887
0.9916546797208735,98.82829716999449
0.9916662035494695,98.85593371842009
0.9916777114651205,98.88357026684571
0.9916892034897999,98.91120681527133
0.991700679645451,98.93884336369693
0.9917121399539871,98.96647991212255
0.9917235844372909,98.99411646054817
0.9917350131172153,99.02175300897377
0.9917464260155825,99.0493895573994
0.9917578231541848,99.07702610582501
0.9917692045547847,99.10466265425062
0.9917805702391141,99.13229920267624
0.9917919202288755,99.15993575110184
0.9918032545457408,99.18757229952746
0.9918145732113524,99.21520884795308
0.9918258762473228,99.24284539637868
0.9918371636752343,99.2704819448043
0.9918484355166399,99.29811849322992
0.9918596917930624,99.32575504165553
0.9918709325259952,99.35339159008115
0.9918821577369019,99.38102813850675
0.9918933674472165,99.40866468693237
0.9919045616783432,99.43630123535799
0.9919157404516566,99.46393778378359
0.9919269037885025,99.49157433220921
0.9919380517101962,99.51921088063483
0.9919491842380246,99.54684742906043
0.9919603013932442,99.57448397748605
0.991971403197083,99.60212052591166
0.9919824896707391,99.62975707433728
0.9919935608353814,99.6573936227629
0.9920046167121498,99.6850301711885
0.992015657322155,99.71266671961412
0.9920266826864784,99.74030326803974
0.9920376928261725,99.76793981646534
0.9920486877622603,99.79557636489096
0.992059667515736,99.82321291331658
0.9920706321075654,99.85084946174219
0.9920815815586844,99.8784860101678
0.9920925158900005,99.90612255859341
0.9921034351223923,99.93375910701903
0.9921143392767092,99.96139565544465
0.9921252283737724,99.98903220387025
0.9921361024343739,100.01666875229587
0.9921469614792773,100.04430530072149
0.9921578055292174,100.0719418491471
0.9921686346049,100.09957839757271
0.9921794487270031,100.12721494599832
0.9921902479161753,100.15485149442394
0.9922010321930375,100.18248804284956
0.9922118015781813,100.21012459127516
0.9922225560921706,100.23776113970078
0.9922332957555403,100.2653976881264
0.9922440205887973,100.293034236552
0.9922547306124204,100.32067078497762
0.9922654258468595,100.34830733340324
0.9922761063125367,100.37594388182885
0.9922867720298456,100.40358043025446
0.992297423019152,100.43121697868007
0.9923080593007935,100.45885352710569
0.9923186808950791,100.48649007553131
0.9923292878222907,100.51412662395691
0.9923398801026814,100.54176317238253
0.9923504577564767,100.56939972080815
0.9923610208038739,100.59703626923375
0.9923715692650429,100.62467281765937
0.9923821031601251,100.65230936608498
0.9923926225092344,100.6799459145106
0.9924031273324573,100.70758246293622
0.9924136176498518,100.73521901136182
0.9924240934814489,100.76285555978744
0.9924345548472516,100.79049210821306
0.9924450017672354,100.81812865663866
0.992455434261348,100.84576520506428
0.9924658523495096,100.8734017534899
0.992476256051613,100.9010383019155
0.9924866453875238,100.92867485034112
0.9924970203770798,100.95631139876673
0.9925073810400913,100.98394794719235
0.9925177273963415,101.01158449561797
0.9925280594655865,101.03922104404357
0.9925383772675546,101.06685759246919
0.9925486808219469,101.09449414089481
0.992558970148438,101.12213068932041
0.9925692452666744,101.14976723774603
0.9925795061962761,101.17740378617164
0.9925897529568357,101.20504033459726
0.9925999855679188,101.23267688302288
0.9926102040490643,101.26031343144848
0.9926204084197836,101.2879499798741
0.9926305986995616,101.31558652829972
0.9926407749078558,101.34322307672532
0.9926509370640975,101.37085962515094
0.9926610851876904,101.39849617357656
0.9926712192980124,101.42613272200217
0.9926813394144133,101.45376927042778
0.9926914455562175,101.48140581885339
0.992701537742722,101.50904236727901
0.9927116159931971,101.53667891570463
0.9927216803268869,101.56431546413023
0.9927317307630087,101.59195201255585
0.9927417673207534,101.61958856098147
0.9927517900192849,101.64722510940707
0.9927617988777413,101.6748616578327
0.9927717939152338,101.7024982062583
0.9927817751508476,101.73013475468392
0.9927917426036413,101.75777130310954
0.9928016962926471,101.78540785153514
0.9928116362368712,101.81304439996076
0.9928215624552933,101.84068094838638
0.9928314749668672,101.86831749681198
0.9928413737905201,101.8959540452376
0.9928512589451532,101.92359059366322
0.9928611304496417,101.95122714208883
0.9928709883228352,101.97886369051444
0.9928808325835562,102.00650023894005
0.992890663250602,102.03413678736567
0.9929004803427438,102.06177333579129
0.9929102838787268,102.08940988421689
0.9929200738772703,102.11704643264251
0.9929298503570677,102.14468298106813
0.9929396133367868,102.17231952949373
0.9929493628350694,102.19995607791935
0.9929590988705317,102.22759262634496
0.9929688214617644,102.25522917477058
0.9929785306273319,102.2828657231962
0.9929882263857736,102.3105022716218
0.9929979087556027,102.33813882004742
0.9930075777553076,102.36577536847304
0.9930172334033506,102.39341191689864
0.9930268757181683,102.42104846532426
0.9930365047181726,102.44868501374988
0.9930461204217496,102.47632156217549
0.9930557228472596,102.5039581106011
0.9930653120130385,102.53159465902671
0.9930748879373957,102.55923120745233
0.9930844506386163,102.58686775587795
0.9930940001349594,102.61450430430355
0.9931035364446598,102.64214085272917
0.9931130595859263,102.66977740115479
0.9931225695769429,102.6974139495804
0.9931320664358682,102.72505049800601
0.9931415501808363,102.75268704643162
0.9931510208299555,102.78032359485724
0.9931604784013098,102.80796014328286
0.9931699229129579,102.83559669170846
0.9931793543829336,102.86323324013408
0.9931887728292457,102.8908697885597
0.9931981782698784,102.9185063369853
0.9932075707227906,102.94614288541092
0.9932169502059169,102.97377943383653
0.9932263167371671,103.00141598226215
0.9932356703344258,103.02905253068776
0.9932450110155533,103.05668907911337
0.9932543387983852,103.08432562753899
0.9932636537007322,103.1119621759646
0.993272955740381,103.13959872439021
0.9932822449350929,103.16723527281583
0.9932915213026053,103.19487182124145
0.9933007848606313,103.22250836966705
0.9933100356268587,103.25014491809267
0.9933192736189516,103.27778146651828
0.9933284988545492,103.3054180149439
0.9933377113512668,103.33305456336952
0.9933469111266952,103.36069111179512
0.9933560981984008,103.38832766022074
0.9933652725839259,103.41596420864636
0.9933744343007885,103.44360075707196
0.9933835833664824,103.47123730549758
0.9933927197984773,103.49887385392319
0.9934018436142185,103.5265104023488
0.9934109548311277,103.55414695077442
0.9934200534666026,103.58178349920003
0.9934291395380158,103.60942004762565
0.9934382130627172,103.63705659605127
0.993447274058032,103.66469314447687
0.993456322541262,103.69232969290249
0.9934653585296844,103.71996624132811
0.9934743820405532,103.74760278975371
0.9934833930910981,103.77523933817933
0.9934923916985253,103.80287588660494
0.9935013778800175,103.83051243503056
0.9935103516527329,103.85814898345618
0.9935193130338067,103.88578553188178
0.9935282620403499,103.9134220803074
0.9935371986894506,103.94105862873302
0.9935461229981725,103.96869517715862
0.9935550349835562,103.99633172558424
0.9935639346626187,104.02396827400985
0.9935728220523534,104.05160482243546
0.9935816971697305,104.07924137086108
0.9935905600316963,104.10687791928669
0.9935994106551742,104.13451446771231
0.993608249057064,104.16215101613793
0.9936170752542418,104.18978756456353
0.9936258892635609,104.21742411298915
0.9936346911018513,104.24506066141477
0.9936434807859197,104.27269720984037
0.9936522583325496,104.30033375826599
0.9936610237585011,104.3279703066916
0.9936697770805113,104.35560685511722
0.9936785183152945,104.38324340354283
0.9936872474795414,104.41087995196844
0.9936959645899197,104.43851650039406
0.9937046696630746,104.46615304881968
0.9937133627156276,104.49378959724528
0.9937220437641782,104.5214261456709
0.9937307128253018,104.5490626940965
0.9937393699155517,104.57669924252212
0.9937480150514584,104.60433579094774
0.9937566482495291,104.63197233937335
0.9937652695262486,104.65960888779897
0.9937738788980786,104.68724543622459
0.9937824763814581,104.71488198465019
0.993791061992804,104.74251853307581
0.9937996357485097,104.77015508150143
0.9938081976649465,104.79779162992703
0.9938167477584631,104.82542817835265
0.993825286045385,104.85306472677826
0.993833812542016,104.88070127520388
0.9938423272646367,104.9083378236295
0.9938508302295057,104.9359743720551
0.9938593214528589,104.96361092048072
0.9938678009509099,104.99124746890634
0.9938762687398498,105.01888401733194
0.9938847248358474,105.04652056575756
0.993893169255049,105.07415711418317
0.9939016020135792,105.10179366260878
0.9939100231275396,105.1294302110344
0.99391843261301,105.15706675946001
0.9939268304860478,105.18470330788563
0.9939352167626883,105.21233985631125
0.9939435914589445,105.23997640473685
0.9939519545908078,105.26761295316247
0.9939603061742471,105.29524950158809
0.993968646225209,105.3228860500137
0.9939769747596184,105.35052259843931
0.9939852917933786,105.37815914686492
0.9939935973423702,105.40579569529054
0.9940018914224525,105.43343224371615
0.9940101740494623,105.46106879214176
0.9940184452392149,105.48870534056738
0.9940267050075039,105.516341888993
0.9940349533701007,105.5439784374186
0.994043190342755,105.57161498584422
0.9940514159411953,105.59925153426983
0.9940596301811273,105.62688808269544
0.9940678330782362,105.65452463112106
0.9940760246481849,105.68216117954667
0.9940842049066145,105.70979772797229
0.9940923738691452,105.7374342763979
0.994100531551375,105.76507082482351
0.9941086779688804,105.79270737324913
0.9941168131372169,105.82034392167473
0.9941249370719178,105.84798047010035
0.9941330497884956,105.87561701852597
0.9941411513024409,105.90325356695158
0.9941492416292234,105.9308901153772
0.9941573207842908,105.95852666380281
0.9941653887830699,105.98616321222842
0.9941734456409664,106.01379976065404
0.9941814913733642,106.04143630907966
0.9941895259956262,106.06907285750526
0.9941975495230942,106.09670940593088
0.9942055619710887,106.12434595435649
0.994213563354909,106.1519825027821
0.9942215536898333,106.17961905120772
0.9942295329911186,106.20725559963333
0.9942375012740013,106.23489214805895
0.9942454585536963,106.26252869648457
0.9942534048453974,106.29016524491017
0.9942613401642777,106.31780179333579
0.9942692645254892,106.3454383417614
0.9942771779441635,106.37307489018701
0.9942850804354103,106.40071143861263
0.9942929720143193,106.42834798703824
0.994300852695959,106.45598453546386
0.994308722495377,106.48362108388947
0.9943165814276005,106.51125763231508
0.9943244295076354,106.5388941807407
0.9943322667504676,106.56653072916632
0.9943400931710618,106.59416727759192
0.9943479087843617,106.62180382601754
0.9943557136052914,106.64944037444315
0.9943635076487536,106.67707692286876
0.9943712909296304,106.70471347129438
0.9943790634627838,106.73235001971999
0.9943868252630548,106.7599865681456
0.9943945763452644,106.78762311657123
0.9944023167242128,106.81525966499683
0.9944100464146798,106.84289621342245
0.9944177654314248,106.87053276184805
0.994425473789187,106.89816931027367
0.9944331715026851,106.92580585869929
0.9944408585866173,106.9534424071249
0.9944485350556619,106.98107895555052
0.9944562009244767,107.00871550397613
0.9944638562076991,107.03635205240174
0.9944715009199465,107.06398860082736
0.9944791350758162,107.09162514925298
0.9944867586898852,107.11926169767858
0.9944943717767102,107.1468982461042
0.9945019743508282,107.1745347945298
0.9945095664267557,107.20217134295542
0.9945171480189894,107.22980789138104
0.9945247191420062,107.25744443980665
0.9945322798102625,107.28508098823227
0.9945398300381952,107.31271753665789
0.994547369840221,107.34035408508349
0.9945548992307365,107.36799063350911
0.9945624182241193,107.39562718193471
0.9945699268347259,107.42326373036033
0.9945774250768937,107.45090027878595
0.9945849129649404,107.47853682721156
0.9945923905131637,107.50617337563718
0.9945998577358413,107.5338099240628
0.994607314647232,107.5614464724884
0.9946147612615737,107.58908302091402
0.994622197593086,107.61671956933964
0.9946296236559679,107.64435611776524
0.9946370394643989,107.67199266619086
0.9946444450325393,107.69962921461646
0.9946518403745296,107.72726576304208
0.9946592255044908,107.7549023114677
0.9946666004365244,107.78253885989331
0.9946739651847125,107.81017540831893
0.9946813197631177,107.83781195674455
0.9946886641857832,107.86544850517015
0.9946959984667326,107.89308505359577
0.9947033226199705,107.92072160202137
0.9947106366594819,107.94835815044699
0.9947179405992325,107.97599469887261
0.994725234453169,108.00363124729822
0.9947325182352185,108.03126779572383
0.994739791959289,108.05890434414945
0.9947470556392692,108.08654089257506
0.9947543092890291,108.11417744100068
0.9947615529224189,108.1418139894263
0.9947687865532698,108.1694505378519
0.9947760101953942,108.19708708627752
0.9947832238625853,108.22472363470312
0.994790427568617,108.25236018312874
0.9947976213272448,108.27999673155436
0.9948048051522044,108.30763327997997
0.9948119790572132,108.33526982840559
0.9948191430559691,108.3629063768312
0.9948262971621517,108.39054292525681
0.9948334413894213,108.41817947368243
0.9948405757514193,108.44581602210803
0.9948477002617684,108.47345257053365
0.9948548149340726,108.50108911895927
0.994861919781917,108.52872566738488
0.9948690148188679,108.5563622158105
0.9948761000584728,108.58399876423611
0.9948831755142604,108.61163531266172
0.9948902411997416,108.63927186108734
0.994897297128407,108.66690840951294
0.9949043433137305,108.69454495793856
0.9949113797691659,108.72218150636418
0.9949184065081489,108.74981805478978
0.9949254235440969,108.7774546032154
0.9949324308904083,108.80509115164102
0.9949394285604636,108.83272770006663
0.9949464165676241,108.86036424849225
0.9949533949252334,108.88800079691786
0.9949603636466161,108.91563734534347
0.9949673227450785,108.94327389376909
0.9949742722339088,108.9709104421947
0.9949812121263768,108.99854699062031
0.9949881424357337,109.02618353904593
0.9949950631752124,109.05382008747154
0.9950019743580278,109.08145663589715
0.9950088759973766,109.10909318432277
0.9950157681064372,109.13672973274838
0.9950226506983694,109.164366281174
0.9950295237863153,109.1920028295996
0.9950363873833986,109.21963937802522
0.995043241502725,109.24727592645084
0.9950500861573823,109.27491247487644
0.9950569213604399,109.30254902330206
0.9950637471249492,109.33018557172768
0.9950705634639436,109.35782212015329
0.9950773703904388,109.3854586685789
0.9950841679174317,109.41309521700452
0.9950909560579022,109.44073176543013
0.9950977348248122,109.46836831385575
0.995104504231105,109.49600486228135
0.9951112642897063,109.52364141070697
0.9951180150135243,109.55127795913259
0.9951247564154491,109.5789145075582
0.9951314885083531,109.60655105598381
0.9951382113050908,109.63418760440943
0.9951449248184993,109.66182415283504
0.9951516290613973,109.68946070126066
0.9951583240465863,109.71709724968626
0.9951650097868501,109.74473379811188
0.995171686294955,109.7723703465375
0.995178353583649,109.8000068949631
0.9951850116656632,109.82764344338872
0.9951916605537109,109.85527999181434
0.9951983002604877,109.88291654023995
0.9952049307986717,109.91055308866557
0.9952115521809235,109.93818963709118
0.9952181644198865,109.96582618551679
0.9952247675281866,109.99346273394241
0.9952313615184316,110.02109928236801
0.9952379464032126,110.04873583079363
0.9952445221951031,110.07637237921925
0.9952510889066593,110.10400892764486
0.9952576465504199,110.13164547607047
0.9952641951389064,110.1592820244961
0.9952707346846229,110.1869185729217
0.9952772652000562,110.21455512134732
0.9952837866976764,110.24219166977292
0.9952902991899356,110.26982821819854
0.9952968026892692,110.29746476662416
0.9953032972080953,110.32510131504976
0.9953097827588149,110.35273786347538
0.9953162593538116,110.380374411901
0.9953227270054522,110.4080109603266
0.9953291857260865,110.43564750875223
0.9953356355280469,110.46328405717784
0.9953420764236491,110.49092060560345
0.9953485084251918,110.51855715402907
0.9953549315449561,110.54619370245467
0.995361345795207,110.57383025088029
0.995367751188192,110.60146679930591
0.9953741477361419,110.62910334773152
0.9953805354512705,110.65673989615713
0.9953869143457749,110.68437644458275
0.9953932844318351,110.71201299300836
0.9953996457216147,110.73964954143398
0.9954059982272601,110.76728608985958
0.9954123419609012,110.7949226382852
0.9954186769346508,110.82255918671082
0.9954250031606052,110.85019573513642
0.9954313206508444,110.87783228356204
0.9954376294174307,110.90546883198766
0.995443929472411,110.93310538041327
0.9954502208278144,110.96074192883889
0.9954565034956544,110.9883784772645
0.9954627774879268,111.01601502569011
0.995469042816612,111.04365157411573
0.9954752994936732,111.07128812254133
0.9954815475310569,111.09892467096695
0.9954877869406937,111.12656121939257
0.9954940177344975,111.15419776781818
0.9955002399243654,111.1818343162438
0.9955064535221784,111.20947086466941
0.9955126585398011,111.23710741309502
0.9955188549890819,111.26474396152064
0.9955250428818521,111.29238050994624
0.9955312222299274,111.32001705837186
0.9955373930451069,111.34765360679748
0.9955435553391736,111.37529015522308
0.995549709123894,111.4029267036487
0.9955558544110183,111.43056325207432
0.9955619912122807,111.45819980049993
0.9955681195393992,111.48583634892555
0.9955742394040751,111.51347289735116
0.9955803508179943,111.54110944577677
0.9955864537928263,111.56874599420239
0.9955925483402244,111.59638254262799
0.9955986344718257,111.62401909105361
0.9956047121992514,111.65165563947923
0.9956107815341065,111.67929218790484
0.9956168424879801,111.70692873633045
0.9956228950724454,111.73456528475607
0.9956289392990593,111.76220183318168
0.995634975179363,111.7898383816073
0.9956410027248819,111.8174749300329
0.9956470219471248,111.84511147845852
0.9956530328575857,111.87274802688414
0.9956590354677416,111.90038457530974
0.9956650297890545,111.92802112373536
0.99567101583297,111.95565767216098
0.9956769936109183,111.98329422058659
0.9956829631343137,112.0109307690122
0.9956889244145546,112.03856731743781
0.9956948774630237,112.06620386586343
0.9957008222910881,112.09384041428905
0.9957067589100991,112.12147696271465
0.9957126873313924,112.14911351114027
0.9957186075662879,112.17675005956589
0.9957245196260902,112.2043866079915
0.995730423522088,112.23202315641711
0.9957363192655542,112.25965970484273
0.9957422068677468,112.28729625326834
0.9957480863399075,112.31493280169396
0.9957539576932632,112.34256935011956
0.9957598209390247,112.37020589854518
0.9957656760883877,112.3978424469708
0.9957715231525321,112.4254789953964
0.9957773621426228,112.45311554382202
0.9957831930698088,112.48075209224764
0.9957890159452242,112.50838864067325
0.9957948307799872,112.53602518909886
0.9958006375852013,112.56366173752447
0.995806436371954,112.59129828595009
0.9958122271513178,112.61893483437571
0.99581800993435,112.64657138280131
0.9958237847320923,112.67420793122693
0.9958295515555717,112.70184447965255
0.9958353104157994,112.72948102807815
0.9958410613237717,112.75711757650377
0.9958468042904698,112.78475412492939
0.9958525393268594,112.812390673355
0.9958582664438912,112.84002722178062
0.995863985652501,112.86766377020622
0.9958696969636094,112.89530031863184
0.9958754003881216,112.92293686705746
0.995881095936928,112.95057341548306
0.9958867836209041,112.97820996390868
0.9958924634509102,113.0058465123343
0.9958981354377916,113.0334830607599
0.9959037995923786,113.06111960918552
0.9959094559254869,113.08875615761113
0.9959151044479166,113.11639270603675
0.9959207451704534,113.14402925446237
0.995926378103868,113.17166580288797
0.9959320032589161,113.19930235131359
0.9959376206463388,113.22693889973921
0.9959432302768622,113.25457544816481
0.9959488321611972,113.28221199659043
0.9959544263100408,113.30984854501605
0.9959600127340745,113.33748509344166
0.9959655914439655,113.36512164186728
0.9959711624503657,113.39275819029288
0.9959767257639127,113.4203947387185
0.9959822813952296,113.44803128714412
0.9959878293549244,113.47566783556972
0.9959933696535908,113.50330438399534
0.9959989023018073,113.53094093242096
0.9960044273101389,113.55857748084657
0.9960099446891346,113.58621402927218
0.99601545444933,113.61385057769779
0.9960209566012455,113.64148712612341
0.9960264511553872,113.66912367454903
0.9960319381222469,113.69676022297463
0.9960374175123012,113.72439677140025
0.996042889336013,113.75203331982587
0.9960483536038306,113.77966986825147
0.9960538103261873,113.8073064166771
0.9960592595135028,113.83494296510271
0.9960647011761821,113.86257951352832
0.9960701353246154,113.89021606195394
0.9960755619691791,113.91785261037954
0.996080981120235,113.94548915880516
0.996086392788131,113.97312570723078
0.9960917969832002,114.00076225565638
0.9960971937157614,114.028398804082
0.9961025829961198,114.05603535250762
0.9961079648345658,114.08367190093323
0.9961133392413755,114.11130844935884
0.996118706226811,114.13894499778445
0.9961240658011206,114.16658154621007
0.9961294179745379,114.19421809463569
0.9961347627572829,114.22185464306129
0.9961401001595607,114.24949119148691
0.9961454301915632,114.27712773991253
0.9961507528634678,114.30476428833813
0.9961560681854378,114.33240083676375
0.9961613761676225,114.36003738518937
0.9961666768201572,114.38767393361498
0.9961719701531631,114.4153104820406
0.9961772561767476,114.4429470304662
0.9961825349010043,114.47058357889182
0.9961878063360121,114.49822012731744
0.9961930704918371,114.52585667574304
0.9961983273785309,114.55349322416866
0.9962035770061309,114.58112977259428
0.9962088193846612,114.60876632101989
0.9962140545241319,114.6364028694455
0.9962192824345392,114.66403941787111
0.9962245031258652,114.69167596629673
0.9962297166080791,114.71931251472235
0.9962349228911352,114.74694906314795
0.9962401219849749,114.77458561157357
0.9962453138995256,114.80222215999919
0.996250498644701,114.8298587084248
0.9962556762304012,114.85749525685041
0.9962608466665123,114.88513180527602
0.9962660099629069,114.91276835370164
0.9962711661294442,114.94040490212726
0.9962763151759698,114.96804145055286
0.9962814571123154,114.99567799897848
0.9962865919482993,115.0233145474041
0.9962917196937259,115.0509510958297
0.9962968403583868,115.07858764425532
0.9963019539520592,115.10622419268094
0.9963070604845077,115.13386074110655
0.9963121599654825,115.16149728953216
0.996317252404721,115.18913383795777
0.996322337811947,115.21677038638339
0.9963274161968709,115.244406934809
0.9963324875691895,115.27204348323461
0.9963375519385861,115.29968003166023
0.9963426093147312,115.32731658008585
0.9963476597072813,115.35495312851145
0.9963527031258801,115.38258967693707
0.9963577395801575,115.41022622536268
0.9963627690797304,115.4378627737883
0.9963677916342026,115.46549932221392
0.9963728072531642,115.49313587063952
0.9963778159461925,115.52077241906514
0.9963828177228509,115.54840896749076
0.9963878125926905,115.57604551591636
0.9963928005652485,115.60368206434198
0.9963977816500492,115.6313186127676
0.9964027558566037,115.6589551611932
0.9964077231944098,115.68659170961882
0.9964126836729529,115.71422825804443
0.9964176373017042,115.74186480647005
0.9964225840901227,115.76950135489567
0.996427524047654,115.79713790332127
0.9964324571837304,115.82477445174689
0.9964373835077718,115.85241100017251
0.9964423030291847,115.88004754859811
0.9964472157573626,115.90768409702373
0.996452121701686,115.93532064544934
0.9964570208715228,115.96295719387496
0.9964619132762277,115.99059374230058
0.9964667989251422,116.01823029072618
0.9964716778275955,116.0458668391518
0.9964765499929032,116.07350338757742
0.996481415430369,116.10113993600302
0.9964862741492829,116.12877648442864
0.9964911261589221,116.15641303285426
0.9964959714685516,116.18404958127987
0.9965008100874233,116.21168612970548
0.9965056420247761,116.23932267813109
0.9965104672898364,116.26695922655671
0.9965152858918179,116.29459577498233
0.9965200978399213,116.32223232340793
0.996524903143335,116.34986887183355
0.996529701811234,116.37750542025917
0.9965344938527814,116.40514196868477
0.9965392792771275,116.43277851711039
0.9965440580934095,116.460415065536
0.9965488303107526,116.48805161396162
0.9965535959382691,116.51568816238724
0.9965583549850584,116.54332471081284
0.9965631074602082,116.57096125923846
0.9965678533727923,116.59859780766408
0.9965725927318734,116.62623435608968
0.9965773255465008,116.6538709045153
0.9965820518257116,116.68150745294092
0.9965867715785304,116.70914400136652
0.9965914848139692,116.73678054979214
0.996596191541028,116.76441709821775
0.9966008917686938,116.79205364664337
0.9966055855059414,116.81969019506899
0.9966102727617333,116.84732674349459
0.9966149535450196,116.87496329192021
0.9966196278647381,116.90259984034583
0.996624295729814,116.93023638877143
0.9966289571491604,116.95787293719705
0.996633612131678,116.98550948562266
0.9966382606862553,117.01314603404828
0.9966429028217686,117.0407825824739
0.9966475385470814,117.0684191308995
0.9966521678710459,117.09605567932512
0.9966567908025011,117.12369222775074
0.9966614073502746,117.15132877617634
0.9966660175231812,117.17896532460196
0.9966706213300238,117.20660187302758
0.9966752187795934,117.23423842145318
0.9966798098806683,117.2618749698788
0.996684394642015,117.28951151830441
0.996688973072388,117.31714806673003
0.9966935451805293,117.34478461515565
0.9966981109751695,117.37242116358125
0.9967026704650264,117.40005771200687
0.9967072236588064,117.42769426043249
0.9967117705652032,117.4553308088581
0.9967163111928994,117.48296735728371
0.9967208455505645,117.51060390570932
0.996725373646857,117.53824045413494
0.996729895490423,117.56587700256055
0.9967344110898967,117.59351355098616
0.9967389204539004,117.62115009941178
0.9967434235910445,117.6487866478374
0.9967479205099277,117.676423196263
0.996752411219136,117.70405974468862
0.9967568957272447,117.73169629311424
0.9967613740428165,117.75933284153984
0.9967658461744029,117.78696938996546
0.9967703121305428,117.81460593839107
0.9967747719197639,117.84224248681669
0.9967792255505818,117.8698790352423
0.9967836730315005,117.89751558366791
0.9967881143710123,117.92515213209353
0.9967925495775978,117.95278868051915
0.9967969786597255,117.98042522894475
0.9968014016258526,118.00806177737037
0.9968058184844247,118.03569832579598
0.9968102292438754,118.0633348742216
0.9968146339126269,118.09097142264721
0.9968190324990897,118.11860797107282
0.9968234250116625,118.14624451949844
0.9968278114587327,118.17388106792406
0.996832191848676,118.20151761634966
0.9968365661898565,118.22915416477528
0.9968409344906268,118.25679071320089
0.9968452967593276,118.2844272616265
0.9968496530042891,118.31206381005212
0.9968540032338289,118.33970035847773
0.9968583474562535,118.36733690690335
0.996862685679858,118.39497345532897
0.9968670179129262,118.42261000375457
0.9968713441637301,118.45024655218019
0.9968756644405304,118.47788310060581
0.9968799787515767,118.50551964903141
0.9968842871051066,118.53315619745703
0.9968885895093468,118.56079274588264
0.9968928859725126,118.58842929430826
0.996897176502808,118.61606584273387
0.9969014611084253,118.64370239115948
0.9969057397975457,118.6713389395851
0.9969100125783393,118.69897548801072
0.9969142794589647,118.72661203643632
0.9969185404475694,118.75424858486194
0.9969227955522892,118.78188513328755
0.9969270447812492,118.80952168171316
0.9969312881425632,118.83715823013878
0.9969355256443334,118.86479477856439
0.9969397572946513,118.89243132699
0.9969439831015969,118.92006787541563
0.9969482030732393,118.94770442384123
0.996952417217636,118.97534097226685
0.9969566255428343,119.00297752069247
0.996960828056869,119.03061406911807
0.9969650247677652,119.05825061754369
0.9969692156835359,119.0858871659693
0.9969734008121837,119.11352371439492
0.9969775801616997,119.14116026282053
0.9969817537400644,119.16879681124614
0.9969859215552467,119.19643335967176
0.9969900836152048,119.22406990809738
0.9969942399278862,119.25170645652298
0.9969983905012274,119.2793430049486
0.997002535343153,119.3069795533742
0.9970066744615779,119.33461610179982
0.9970108078644053,119.36225265022544
0.9970149355595277,119.38988919865105
0.9970190575548267,119.41752574707667
0.9970231738581733,119.44516229550229
0.9970272844774272,119.47279884392789
0.9970313894204373,119.50043539235351
0.9970354886950419,119.52807194077913
0.9970395823090683,119.55570848920473
0.9970436702703332,119.58334503763035
0.997047752586642,119.61098158605596
0.9970518292657901,119.63861813448158
0.9970559003155613,119.6662546829072
0.9970599657437292,119.6938912313328
0.9970640255580567,119.72152777975842
0.9970680797662957,119.74916432818404
0.9970721283761873,119.77680087660964
0.9970761713954623,119.80443742503526
0.9970802088318406,119.83207397346087
0.9970842406930315,119.85971052188648
0.9970882669867334,119.8873470703121
0.9970922877206347,119.91498361873771
0.9970963029024125,119.94262016716333
0.9971003125397335,119.97025671558895
0.9971043166402542,119.99789326401455
0.99710831521162,120.02552981244017
0.997112308261466,120.05316636086579
0.9971162957974168,120.08080290929139
0.9971202778270861,120.10843945771701
0.9971242543580778,120.13607600614262
0.9971282253979845,120.16371255456824
0.9971321909543891,120.19134910299385
0.9971361510348633,120.21898565141946
0.9971401056469688,120.24662219984508
0.9971440547982565,120.2742587482707
0.9971479984962676,120.3018952966963
0.9971519367485316,120.32953184512192
0.9971558695625691,120.35716839354752
0.9971597969458894,120.38480494197314
0.9971637189059915,120.41244149039876
0.9971676354503641,120.44007803882437
0.9971715465864861,120.46771458724999
0.997175452321825,120.4953511356756
0.9971793526638391,120.52298768410121
0.9971832476199755,120.55062423252683
0.9971871371976717,120.57826078095245
0.9971910214043544,120.60589732937805
0.9971949002474407,120.63353387780367
0.9971987737343367,120.66117042622928
0.9972026418724388,120.6888069746549
0.9972065046691327,120.71644352308051
0.9972103621317945,120.74408007150612
0.9972142142677896,120.77171661993174
0.9972180610844736,120.79935316835736
0.9972219025891919,120.82698971678296
0.9972257387892794,120.85462626520858
0.9972295696920614,120.88226281363418
0.9972333953048526,120.9098993620598
0.9972372156349578,120.93753591048542
0.997241030689672,120.96517245891103
0.9972448404762795,120.99280900733665
0.9972486450020549,121.02044555576227
0.997252444274263,121.04808210418787
0.997256238300158,121.07571865261349
0.9972600270869846,121.1033552010391
0.9972638106419772,121.13099174946471
0.9972675889723605,121.15862829789033
0.9972713620853488,121.18626484631594
0.9972751299881469,121.21390139474155
0.9972788926879491,121.24153794316717
0.9972826501919403,121.26917449159278
0.997286402507295,121.2968110400184
0.9972901496411783,121.32444758844402
0.9972938916007451,121.35208413686962
0.9972976283931404,121.37972068529524
0.9973013600254996,121.40735723372084
0.9973050865049479,121.43499378214646
0.9973088078386005,121.46263033057208
0.9973125240335637,121.49026687899769
0.997316235096933,121.5179034274233
0.9973199410357945,121.54553997584892
0.9973236418572248,121.57317652427453
0.9973273375682901,121.60081307270015
0.9973310281760471,121.62844962112575
0.9973347136875432,121.65608616955137
0.9973383941098154,121.68372271797699
0.9973420694498913,121.7113592664026
0.997345739714789,121.73899581482821
0.9973494049115164,121.76663236325383
0.9973530650470722,121.79426891167944
0.9973567201284451,121.82190546010506
0.9973603701626141,121.84954200853068
0.9973640151565492,121.87717855695628
0.9973676551172099,121.9048151053819
0.9973712900515469,121.9324516538075
0.9973749199665005,121.96008820223312
0.9973785448690021,121.98772475065874
0.9973821647659734,122.01536129908435
0.9973857796643261,122.04299784750997
0.9973893895709628,122.07063439593558
0.9973929944927764,122.09827094436119
0.9973965944366503,122.12590749278681
0.9974001894094584,122.15354404121241
0.9974037794180652,122.18118058963803
0.9974073644693253,122.20881713806365
0.9974109445700846,122.23645368648926
0.9974145197271791,122.26409023491487
0.997418089947435,122.2917267833405
0.9974216552376696,122.3193633317661
0.9974252156046909,122.34699988019172
0.9974287710552968,122.37463642861734
0.9974323215962766,122.40227297704294
0.9974358672344097,122.42990952546856
0.9974394079764662,122.45754607389416
0.9974429438292072,122.48518262231978
0.9974464747993843,122.5128191707454
0.9974500008937395,122.540455719171
0.9974535221190055,122.56809226759663
0.9974570384819061,122.59572881602224
0.9974605499891559,122.62336536444785
0.9974640566474594,122.65100191287347
0.9974675584635129,122.67863846129907
0.9974710554440026,122.70627500972469
0.9974745475956057,122.73391155815031
0.9974780349249907,122.76154810657592
0.997481517438816,122.78918465500153
0.9974849951437316,122.81682120342715
0.9974884680463778,122.84445775185276
0.9974919361533864,122.87209430027838
0.9974953994713789,122.899730848704
0.9974988580069688,122.9273673971296
0.9975023117667597,122.95500394555522
0.9975057607573466,122.98264049398082
0.997509204985315,123.01027704240644
0.9975126444572414,123.03791359083206
0.9975160791796936,123.06555013925767
0.9975195091592297,123.09318668768329
0.9975229344023993,123.1208232361089
0.9975263549157426,123.14845978453451
0.997529770705791,123.17609633296013
0.9975331817790665,123.20373288138573
0.9975365881420825,123.23136942981135
0.9975399898013433,123.25900597823697
0.9975433867633441,123.28664252666258
0.9975467790345716,123.3142790750882
0.9975501666215025,123.34191562351381
0.9975535495306059,123.36955217193942
0.997556927768341,123.39718872036504
0.9975603013411584,123.42482526879066
0.9975636702554996,123.45246181721626
0.9975670345177976,123.48009836564188
0.997570394134476,123.50773491406748
0.9975737491119503,123.5353714624931
0.9975770994566262,123.56300801091872
0.997580445174901,123.59064455934433
0.9975837862731634,123.61828110776995
0.9975871227577929,123.64591765619556
0.9975904546351604,123.67355420462117
0.9975937819116281,123.70119075304679
0.9975971045935488,123.72882730147239
0.9976004226872675,123.75646384989801
0.9976037361991197,123.78410039832363
0.9976070451354322,123.81173694674924
0.9976103495025237,123.83937349517485
0.9976136493067033,123.86701004360047
0.997616944554272,123.89464659202608
0.9976202352515219,123.9222831404517
0.9976235214047363,123.9499196888773
0.9976268030201901,123.97755623730292
0.9976300801041492,124.00519278572854
0.997633352662871,124.03282933415414
0.9976366207026045,124.06046588257976
0.9976398842295897,124.08810243100538
0.9976431432500582,124.11573897943099
0.9976463977702328,124.1433755278566
0.9976496477963279,124.17101207628222
0.9976528933345493,124.19864862470783
0.9976561343910942,124.22628517313345
0.9976593709721512,124.25392172155905
0.9976626030839002,124.28155826998467
0.9976658307325129,124.30919481841029
0.9976690539241525,124.3368313668359
0.9976722726649734,124.36446791526151
0.9976754869611213,124.39210446368713
0.9976786968187343,124.41974101211274
0.997681902243941,124.44737756053836
0.9976851032428621,124.47501410896396
0.9976882998216098,124.50265065738958
0.9976914919862878,124.5302872058152
0.9976946797429913,124.5579237542408
0.9976978630978074,124.58556030266642
0.9977010420568141,124.61319685109204
0.9977042166260818,124.64083339951765
0.9977073868116721,124.66846994794327
0.9977105526196383,124.69610649636888
0.9977137140560252,124.72374304479449
0.9977168711268697,124.75137959322011
0.9977200238381996,124.77901614164571
0.9977231721960352,124.80665269007133
0.9977263162063882,124.83428923849695
0.9977294558752616,124.86192578692255
0.9977325912086508,124.88956233534817
0.997735722212542,124.91719888377379
0.9977388488929143,124.9448354321994
0.9977419712557377,124.97247198062502
0.997745089306974,125.00010852905062
0.9977482030525772,125.02774507747624
0.9977513124984928,125.05538162590186
0.9977544176506578,125.08301817432746
0.9977575185150016,125.11065472275308
0.9977606150974453,125.1382912711787
0.9977637074039014,125.1659278196043
0.9977667954402746,125.19356436802993
0.9977698792124613,125.22120091645554
0.99777295872635,125.24883746488115
0.9977760339878206,125.27647401330677
0.9977791050027451,125.30411056173237
0.9977821717769879,125.33174711015799
0.9977852343164045,125.35938365858361
0.9977882926268427,125.38702020700921
0.9977913467141418,125.41465675543483
0.997794396584134,125.44229330386045
0.9977974422426428,125.46992985228606
0.9978004836954835,125.49756640071168
0.9978035209484635,125.52520294913728
0.9978065540073826,125.5528394975629
0.9978095828780321,125.58047604598852
0.9978126075661954,125.60811259441412
0.997815628077648,125.63574914283974
0.9978186444181575,125.66338569126536
0.9978216565934834,125.69102223969097
0.9978246646093774,125.71865878811658
0.9978276684715831,125.7462953365422
0.9978306681858361,125.77393188496781
0.9978336637578644,125.80156843339343
0.9978366551933877,125.82920498181903
0.9978396424981181,125.85684153024465
0.9978426256777595,125.88447807867027
0.9978456047380084,125.91211462709587
0.9978485796845529,125.9397511755215
0.9978515505230737,125.96738772394711
0.9978545172592435,125.99502427237272
0.9978574798987268,126.02266082079834
0.997860438447181,126.05029736922394
0.9978633929102548,126.07793391764956
0.9978663432935901,126.10557046607518
0.9978692896028205,126.13320701450078
0.9978722318435715,126.1608435629264
0.9978751700214613,126.18848011135202
0.9978781041421002,126.21611665977763
0.9978810342110906,126.24375320820324
0.9978839602340275,126.27138975662886
0.9978868822164978,126.29902630505447
0.9978898001640814,126.32666285348009
0.9978927140823493,126.35429940190569
0.9978956239768657,126.38193595033131
0.9978985298531869,126.40957249875693
0.9979014317168615,126.43720904718253
0.9979043295734308,126.46484559560815
0.9979072234284275,126.49248214403377
0.9979101132873778,126.52011869245938
0.9979129991557995,126.547755240885
0.997915881039203,126.5753917893106
0.9979187589430911,126.60302833773622
0.9979216328729588,126.63066488616184
0.9979245028342942,126.65830143458744
0.9979273688325769,126.68593798301306
0.9979302308732797,126.71357453143868
0.9979330889618673,126.74121107986429
0.9979359431037972,126.7688476282899
0.9979387933045191,126.79648417671552
0.9979416395694755,126.82412072514113
0.9979444819041012,126.85175727356675
0.9979473203138232,126.87939382199235
0.9979501548040615,126.90703037041797
0.9979529853802284,126.93466691884359
0.9979558120477285,126.9623034672692
0.9979586348119596,126.98994001569481
0.9979614536783112,127.01757656412043
0.9979642686521661,127.04521311254604
0.9979670797388992,127.07284966097166
0.9979698869438781,127.10048620939726
0.9979726902724632,127.12812275782288
0.9979754897300069,127.1557593062485
0.9979782853218551,127.1833958546741
0.9979810770533457,127.21103240309972
0.997983864929809,127.23866895152534
0.9979866489565686,127.26630549995095
0.9979894291389406,127.29394204837656
0.9979922054822334,127.32157859680217
0.9979949779917483,127.34921514522779
0.9979977466727793,127.3768516936534
0.998000511530613,127.40448824207901
0.998003272570529,127.43212479050463
0.9980060297977988,127.45976133893025
0.9980087832176878,127.48739788735585
0.9980115328354532,127.51503443578147
0.9980142786563454,127.54267098420709
0.9980170206856072,127.5703075326327
0.9980197589284743,127.59794408105832
0.9980224933901755,127.62558062948392
0.998025224075932,127.65321717790954
0.9980279509909579,127.68085372633516
0.9980306741404601,127.70849027476076
0.9980333935296382,127.73612682318638
0.998036109163685,127.763763371612
0.9980388210477856,127.7913999200376
0.9980415291871182,127.81903646846322
0.998044233586854,127.84667301688883
0.9980469342521568,127.87430956531445
0.9980496311881836,127.90194611374007
0.9980523244000837,127.92958266216567
0.9980550138929999,127.95721921059129
0.9980576996720675,127.98485575901691
0.998060381742415,128.01249230744253
0.9980630601091636,128.04012885586812
0.9980657347774274,128.06776540429374
0.9980684057523138,128.09540195271936
0.9980710730389227,128.12303850114498
0.9980737366423472,128.1506750495706
0.9980763965676732,128.1783115979962
0.9980790528199798,128.2059481464218
0.9980817054043389,128.23358469484742
0.9980843543258157,128.26122124327304
0.9980869995894679,128.28885779169866
0.9980896412003466,128.31649434012428
0.9980922791634957,128.34413088854987
0.9980949134839526,128.3717674369755
0.9980975441667471,128.3994039854011
0.9981001712169022,128.42704053382673
0.9981027946394345,128.45467708225235
0.9981054144393529,128.48231363067796
0.99810803062166,128.50995017910356
0.9981106431913511,128.53758672752917
0.9981132521534152,128.5652232759548
0.9981158575128335,128.5928598243804
0.998118459274581,128.62049637280603
0.9981210574436256,128.64813292123162
0.9981236520249281,128.67576946965724
0.9981262430234433,128.70340601808286
0.9981288304441183,128.73104256650848
0.9981314142918933,128.7586791149341
0.9981339945717025,128.7863156633597
0.9981365712884727,128.8139522117853
0.9981391444471237,128.84158876021093
0.9981417140525691,128.86922530863654
0.9981442801097156,128.89686185706216
0.9981468426234625,128.92449840548778
0.9981494015987032,128.95213495391337
0.9981519570403236,128.979771502339
0.9981545089532033,129.0074080507646
0.998157057342215,129.03504459919023
0.9981596022122249,129.06268114761585
0.9981621435680921,129.09031769604144
0.9981646814146694,129.11795424446706
0.9981672157568025,129.14559079289268
0.9981697465993306,129.1732273413183
0.998172273947086,129.2008638897439
0.9981747978048949,129.22850043816953
0.9981773181775765,129.25613698659512
0.998179835069943,129.28377353502074
0.9981823484868005,129.31141008344636
0.9981848584329482,129.33904663187198
0.9981873649131786,129.3666831802976
0.9981898679322778,129.3943197287232
0.9981923674950252,129.4219562771488
0.9981948636061936,129.44959282557443
0.998197356270549,129.47722937400005
0.9981998454928512,129.50486592242567
0.9982023312778532,129.53250247085126
0.9982048136303014,129.56013901927687
0.9982072925549359,129.5877755677025
0.99820976805649,129.6154121161281
0.9982122401396902,129.64304866455373
0.9982147088092576,129.67068521297935
0.9982171740699051,129.69832176140494
0.9982196359263404,129.72595830983056
0.9982220943832645,129.75359485825618
0.9982245494453714,129.7812314066818
0.9982270011173491,129.80886795510742
0.9982294494038786,129.836504503533
0.9982318943096352,129.86414105195863
0.9982343358392868,129.89177760038424
0.9982367739974961,129.91941414880986
0.9982392087889181,129.94705069723548
0.9982416402182019,129.9746872456611
0.9982440682899903,130.0023237940867
0.9982464930089199,130.0299603425123
0.9982489143796199,130.05759689093793
0.9982513324067143,130.08523343936355
0.9982537470948201,130.11286998778917
0.9982561584485479,130.14050653621476
0.9982585664725021,130.16814308464038
0.9982609711712807,130.195779633066
0.9982633725494753,130.22341618149161
0.9982657706116713,130.25105272991723
0.9982681653624476,130.27868927834285
0.9982705568063769,130.30632582676844
0.9982729449480257,130.33396237519406
0.9982753297919535,130.36159892361968
0.9982777113427148,130.3892354720453
0.9982800896048564,130.41687202047092
0.9982824645829198,130.4445085688965
0.9982848362814396,130.47214511732213
0.9982872047049448,130.49978166574775
0.9982895698579577,130.52741821417337
0.9982919317449942,130.55505476259899
0.9982942903705643,130.58269131102458
0.9982966457391717,130.6103278594502
0.9982989978553138,130.6379644078758
0.9983013467234821,130.66560095630143
0.9983036923481615,130.69323750472705
0.9983060347338306,130.72087405315267
0.9983083738849624,130.74851060157826
0.998310709806023,130.77614715000388
0.9983130425014732,130.8037836984295
0.9983153719757667,130.83142024685512
0.9983176982333518,130.85905679528074
0.9983200212786703,130.88669334370633
0.998322341116158,130.91432989213195
0.9983246577502445,130.94196644055756
0.9983269711853531,130.96960298898318
0.9983292814259013,130.9972395374088
0.9983315884763004,131.02487608583442
0.9983338923409556,131.05251263426
0.9983361930242661,131.08014918268563
0.9983384905306246,131.10778573111125
0.9983407848644184,131.13542227953687
0.9983430760300284,131.1630588279625
0.9983453640318293,131.19069537638808
0.9983476488741898,131.2183319248137
0.998349930561473,131.24596847323932
0.9983522090980356,131.27360502166493
0.9983544844882281,131.30124157009055
0.9983567567363953,131.32887811851617
0.9983590258468763,131.35651466694176
0.9983612918240033,131.38415121536738
0.9983635546721036,131.411787763793
0.9983658143954977,131.43942431221862
0.9983680709985004,131.46706086064424
0.9983703244854206,131.49469740906983
0.9983725748605613,131.52233395749545
0.9983748221282195,131.54997050592107
0.998377066292686,131.5776070543467
0.9983793073582462,131.6052436027723
0.9983815453291791,131.6328801511979
0.9983837802097582,131.6605166996235
0.9983860120042506,131.68815324804913
0.998388240716918,131.71578979647475
0.9983904663520159,131.74342634490037
0.9983926889137943,131.771062893326
0.9983949084064966,131.79869944175158
0.9983971248343612,131.8263359901772
0.9983993382016199,131.85397253860282
0.9984015485124992,131.88160908702844
0.9984037557712195,131.90924563545406
0.9984059599819959,131.93688218387965
0.9984081611490366,131.96451873230527
0.9984103592765448,131.99215528073088
0.9984125543687179,132.0197918291565
0.9984147464297473,132.04742837758212
0.9984169354638183,132.07506492600774
0.9984191214751108,132.10270147443333
0.9984213044677993,132.13033802285895
0.9984234844460519,132.15797457128457
0.9984256614140309,132.1856111197102
0.9984278353758933,132.2132476681358
0.9984300063357904,132.2408842165614
0.998432174297867,132.26852076498702
0.9984343392662631,132.29615731341264
0.9984365012451126,132.32379386183825
0.9984386602385436,132.35143041026387
0.9984408162506785,132.37906695868946
0.9984429692856341,132.40670350711508
0.9984451193475216,132.4343400555407
0.9984472664404463,132.46197660396632
0.9984494105685082,132.48961315239194
0.9984515517358014,132.51724970081756
0.9984536899464139,132.54488624924315
0.9984558252044289,132.57252279766877
0.9984579575139234,132.6001593460944
0.9984600868789691,132.62779589452
0.9984622133036319,132.65543244294562
0.998464336791972,132.68306899137121
0.998466457348044,132.71070553979683
0.9984685749758971,132.73834208822245
0.9984706896795746,132.76597863664807
0.9984728014631147,132.7936151850737
0.9984749103305497,132.8212517334993
0.9984770162859063,132.8488882819249
0.9984791193332057,132.87652483035052
0.9984812194764636,132.90416137877614
0.99848331671969,132.93179792720176
0.9984854110668898,132.95943447562738
0.9984875025220616,132.98707102405297
0.9984895910891992,133.01470757247859
0.9984916767722904,133.0423441209042
0.998493759575318,133.06998066932982
0.9984958395022588,133.09761721775544
0.9984979165570845,133.12525376618106
0.9984999907437611,133.15289031460665
0.9985020620662487,133.18052686303227
0.998504130528503,133.2081634114579
0.9985061961344731,133.2357999598835
0.9985082588881035,133.26343650830913
0.998510318793333,133.29107305673472
0.9985123758540944,133.31870960516034
0.998514430074316,133.34634615358596
0.9985164814579199,133.37398270201157
0.9985185300088235,133.4016192504372
0.998520575730938,133.42925579886278
0.9985226186281698,133.4568923472884
0.9985246587044199,133.48452889571402
0.9985266959635833,133.51216544413964
0.9985287304095504,133.53980199256526
0.9985307620462056,133.56743854099088
0.9985327908774285,133.59507508941647
0.9985348169070928,133.6227116378421
0.998536840139067,133.6503481862677
0.9985388605772146,133.67798473469333
0.9985408782253937,133.70562128311894
0.9985428930874563,133.73325783154453
0.99854490516725,133.76089437997015
0.9985469144686168,133.78853092839577
0.9985489209953936,133.8161674768214
0.998550924751411,133.843804025247
0.9985529257404959,133.87144057367263
0.9985549239664687,133.89907712209822
0.9985569194331448,133.92671367052384
0.9985589121443346,133.95435021894946
0.998560902103843,133.98198676737508
0.9985628893154699,134.0096233158007
0.9985648737830097,134.0372598642263
0.9985668555102514,134.0648964126519
0.9985688345009793,134.09253296107752
0.9985708107589719,134.12016950950314
0.9985727842880032,134.14780605792876
0.9985747550918412,134.17544260635438
0.998576723174249,134.20307915477997
0.9985786885389848,134.2307157032056
0.998580651189801,134.2583522516312
0.9985826111304456,134.28598880005683
0.9985845683646606,134.31362534848245
0.9985865228961838,134.34126189690804
0.9985884747287467,134.36889844533366
0.9985904238660765,134.39653499375927
0.998592370311895,134.4241715421849
0.9985943140699188,134.4518080906105
0.9985962551438592,134.4794446390361
0.9985981935374226,134.50708118746172
0.9986001292543106,134.53471773588734
0.9986020622982191,134.56235428431296
0.9986039926728392,134.58999083273858
0.9986059203818568,134.6176273811642
0.9986078454289528,134.6452639295898
0.998609767817803,134.6729004780154
0.9986116875520781,134.70053702644103
0.9986136046354437,134.72817357486664
0.9986155190715603,134.75581012329226
0.9986174308640836,134.78344667171785
0.9986193400166639,134.81108322014347
0.9986212465329466,134.8387197685691
0.9986231504165723,134.8663563169947
0.9986250516711762,134.89399286542033
0.9986269503003887,134.92162941384595
0.998628846307835,134.94926596227154
0.9986307396971358,134.97690251069716
0.9986326304719061,135.00453905912278
0.9986345186357563,135.0321756075484
0.9986364041922916,135.05981215597402
0.9986382871451127,135.0874487043996
0.9986401674978148,135.11508525282522
0.9986420452539884,135.14272180125084
0.9986439204172189,135.17035834967646
0.998645792991087,135.19799489810208
0.9986476629791681,135.22563144652767
0.9986495303850327,135.2532679949533
0.9986513952122468,135.2809045433789
0.9986532574643712,135.30854109180453
0.9986551171449614,135.33617764023015
0.9986569742575689,135.36381418865577
0.9986588288057393,135.39145073708136
0.9986606807930141,135.41908728550698
0.9986625302229294,135.4467238339326
0.9986643770990166,135.4743603823582
0.998666221424802,135.50199693078383
0.9986680632038075,135.52963347920942
0.9986699024395502,135.55727002763504
0.9986717391355414,135.58490657606066
0.9986735732952886,135.61254312448628
0.9986754049222938,135.6401796729119
0.9986772340200544,135.66781622133752
0.998679060592063,135.6954527697631
0.9986808846418075,135.72308931818873
0.9986827061727708,135.75072586661435
0.9986845251884308,135.77836241503996
0.9986863416922609,135.80599896346558
0.9986881556877298,135.83363551189117
0.998689967178301,135.8612720603168
0.9986917761674334,135.8889086087424
0.9986935826585817,135.91654515716803
0.9986953866551946,135.94418170559365
0.9986971881607171,135.97181825401927
0.998698987178589,135.99945480244486
0.9987007837122455,136.02709135087048
0.9987025777651168,136.0547278992961
0.9987043693406288,136.08236444772172
0.9987061584422022,136.11000099614733
0.9987079450732536,136.13763754457293
0.9987097292371937,136.16527409299854
0.99871151093743,136.19291064142416
0.9987132901773643,136.22054718984978
0.9987150669603939,136.2481837382754
0.9987168412899118,136.275820286701
0.9987186131693054,136.3034568351266
0.9987203826019585,136.33109338355223
0.9987221495912496,136.35872993197785
0.9987239141405525,136.38636648040347
0.9987256762532368,136.4140030288291
0.998727435932667,136.44163957725468
0.9987291931822031,136.4692761256803
0.9987309480052007,136.49691267410591
0.9987327004050103,136.52454922253153
0.998734450384978,136.55218577095715
0.9987361979484454,136.57982231938274
0.9987379430987493,136.60745886780836
0.9987396858392221,136.63509541623398
0.9987414261731913,136.6627319646596
0.9987431641039802,136.69036851308522
0.9987448996349071,136.71800506151084
0.998746632769286,136.74564160993643
0.9987483635104262,136.77327815836205
0.9987500918616324,136.80091470678767
0.9987518178262048,136.82855125521328
0.9987535414074392,136.8561878036389
0.9987552626086266,136.8838243520645
0.9987569814330534,136.9114609004901
0.9987586978840016,136.93909744891573
0.9987604119647492,136.96673399734135
0.9987621236785683,136.99437054576697
0.9987638330287281,137.0220070941926
0.9987655400184919,137.04964364261818
0.9987672446511195,137.0772801910438
0.9987689469298657,137.10491673946942
0.9987706468579811,137.13255328789504
0.9987723444387111,137.16018983632065
0.9987740396752978,137.18782638474624
0.9987757325709775,137.21546293317186
0.9987774231289832,137.24309948159748
0.9987791113525428,137.2707360300231
0.9987807972448799,137.29837257844872
0.9987824808092134,137.3260091268743
0.9987841620487583,137.35364567529993
0.9987858409667246,137.38128222372555
0.9987875175663181,137.40891877215117
0.9987891918507403,137.4365553205768
0.9987908638231882,137.4641918690024
0.998792533486854,137.491828417428
0.9987942008449263,137.51946496585362
0.9987958659005887,137.54710151427923
0.9987975286570202,137.57473806270485
0.9987991891173963,137.60237461113047
0.9988008472848872,137.63001115955606
0.998802503162659,137.65764770798168
0.9988041567538737,137.6852842564073
0.9988058080616887,137.71292080483292
0.9988074570892571,137.74055735325854
0.9988091038397278,137.76819390168416
0.998810748316245,137.79583045010975
0.9988123905219486,137.82346699853537
0.9988140304599744,137.85110354696099
0.9988156681334541,137.8787400953866
0.9988173035455143,137.90637664381222
0.9988189366992779,137.9340131922378
0.9988205675978634,137.96164974066343
0.998822196244385,137.98928628908905
0.9988238226419522,138.01692283751467
0.9988254467936707,138.0445593859403
0.9988270687026417,138.07219593436588
0.9988286883719623,138.0998324827915
0.9988303058047249,138.12746903121712
0.9988319210040181,138.15510557964274
