0.0,0.0
-0.003938518718640066,0.018940924812125393
-0.003170224209405548,0.037881849624250785
-0.0004925315589134565,0.05682277443637618
0.002395470607545944,0.07576369924850157
0.0045755866903555535,0.09470462406062696
0.005664204889845955,0.11364554887275236
0.005624474567088425,0.13258647368487775
0.004626111283859936,0.15152739849700314
0.0029435572712188107,0.17046832330912853
0.0008846341725522164,0.18940924812125393
-0.0012569296437045868,0.20835017293337932
-0.0032306197634320946,0.2272910977455047
-0.004844469350704277,0.2462320225576301
-0.005970338390918188,0.2651729473697555
-0.0065421526568862284,0.2841138721818809
-0.00654950059846494,0.3030547969940063
-0.00602846267825888,0.3219957218061317
-0.005051106385271287,0.34093664661825707
-0.003714712029582153,0.35987757143038246
-0.002131490845328335,0.37881849624250785
-0.00041930991505127204,0.39775942105463324
0.0013062594010472175,0.41670034586675864
0.0029384082618309167,0.43564127067888403
0.004384030271764835,0.4545821954910094
0.005567180965547346,0.4735231203031348
0.006431166186750134,0.4924640451152602
0.006939410480116103,0.5114049699273856
0.007075281257006965,0.530345894739511
0.006841055484734125,0.5492868195516364
0.006256216034081618,0.5682277443637618
0.00535525721364976,0.5871686691758872
0.004185165653422274,0.6061095939880126
0.0028027254455264662,0.625050518800138
0.0012717768567974395,0.6439914436122633
-0.00033946274538886913,0.6629323684243887
-0.0019609278644092615,0.6818732932365141
-0.0035230159098471507,0.7008142180486395
-0.004958631249276425,0.7197551428607649
-0.006204930335757674,0.7386960676728903
-0.007204751137226175,0.7576369924850157
-0.007907723177824916,0.7765779172971411
-0.008271065457818867,0.7955188421092665
-0.008260088382036752,0.8144597669213919
-0.007848422691629863,0.8334006917335173
-0.007018003400353958,0.8523416165456427
-0.005758840056348805,0.8712825413577681
-0.004068606475429762,0.8902234661698935
-0.0019520836245146486,0.9091643909820188
0.0005795112214066998,0.9281053157941442
0.003509277368010221,0.9470462406062696
0.006815436094370934,0.965987165418395
0.01047216166551675,0.9849280902305204
0.014450414094688856,1.0038690150426457
0.018718753011490098,1.0228099398547712
0.023244115304954106,1.0417508646668967
0.027992542503165577,1.060691789479022
0.03292984703513646,1.0796327142911473
0.0380222095256917,1.0985736391032728
0.04323670204627768,1.1175145639153983
0.048541734745279584,1.1364554887275236
0.053907425485735475,1.1553964135396488
0.05930589401344458,1.1743373383517743
0.06471148376194572,1.1932782631638998
0.07010091567895471,1.2122191879760251
0.07545337944495538,1.2311601127881504
0.08075056816765246,1.250101037600276
0.08597666309898262,1.2690419624124014
0.09111827516026175,1.2879828872245267
0.09616435010345803,1.306923812036652
0.10110604401087933,1.3258647368487775
0.10593657556996319,1.344805661660903
0.1106510611817422,1.3637465864730283
0.11524633849690052,1.3826875112851535
0.11972078344626247,1.401628436097279
0.12407412526503026,1.4205693609094046
0.1283072634216988,1.4395102857215298
0.13242208977041933,1.4584512105336551
0.13642131866422744,1.4773921353457806
0.14030832720806913,1.4963330601579061
0.1440870073046291,1.5152739849700314
0.14776163065999476,1.5342149097821567
0.1513367274755033,1.5531558345942822
0.15481697916013634,1.5720967594064077
0.15820712505629234,1.591037684218533
0.16151188288095986,1.6099786090306583
0.1647358823432678,1.6289195338427838
0.1678836112061172,1.6478604586549093
0.1709593729112925,1.6668013834670345
0.17396725478068095,1.6857423082791598
0.1769111057371165,1.7046832330912853
0.17979452245275762,1.7236241579034108
0.18262084282650112,1.7425650827155361
0.18539314571041504,1.7615060075276614
0.18811425584431676,1.780446932339787
0.19078675301337067,1.7993878571519124
0.1934129845121279,1.8183287819640377
0.1959950800762601,1.837269706776163
0.1985349685271664,1.8562106315882885
0.20103439546182883,1.875151556400414
0.20349494140828928,1.8940924812125393
0.2059180399538199,1.9130334060246645
0.20830499543652348,1.93197433083679
0.21065699987031963,1.9509152556489155
0.21297514884697724,1.9698561804610408
0.21526045622625573,1.988797105273166
0.2175138674858021,2.0077380300852914
0.2197362716559376,2.026678954897417
0.22192851181079096,2.0456198797095424
0.22409139412648807,2.0645608045216677
0.22622569554955085,2.0835017293337934
0.22833217014464766,2.1024426541459187
0.23041155421083365,2.121383578958044
0.23246457026994144,2.1403245037701693
0.23449193004039165,2.1592654285822945
0.2364943365149767,2.1782063533944203
0.23847248526271791,2.1971472782065455
0.24042706507328984,2.216088203018671
0.2423587580583052,2.2350291278307965
0.24426823931749017,2.253970052642922
0.2461561762699434,2.272910977455047
0.24802322774171132,2.2918519022671724
0.24987004289123035,2.3107928270792977
0.2516972600441303,2.3297337518914234
0.2535055054987744,2.3486746767035487
0.2552953923539769,2.367615601515674
0.2570675194008028,2.3865565263277997
0.25882247011137716,2.405497451139925
0.2605608117493471,2.4244383759520503
0.262283094619118,2.4433793007641755
0.2639898514643012,2.462320225576301
0.2656815970199774,2.4812611503884265
0.2673588277183985,2.500202075200552
0.26902202154360977,2.519143000012677
0.2706716380271292,2.538083924824803
0.27230811837422353,2.557024849636928
0.2739318857084164,2.5759657744490534
0.2755433454205788,2.5949066992611787
0.2771428856082203,2.613847624073304
0.27873087759034804,2.6327885488854297
0.28030767648341515,2.651729473697555
0.2818736218243736,2.6706703985096802
0.2834290382276067,2.689611323321806
0.28497423606349026,2.7085522481339313
0.28650951214744885,2.7274931729460565
0.28803515042959527,2.746434097758182
0.28955142267631057,2.765375022570307
0.2910585891364124,2.784315947382433
0.29255689918581956,2.803256872194558
0.29404659194584337,2.8221977970066834
0.2955278968713834,2.841138721818809
0.29700103430636793,2.8600796466309344
0.2984662160047446,2.8790205714430597
0.2999236456161859,2.897961496255185
0.30137351913642363,2.9169024210673102
0.30281602532276575,2.935843345879436
0.304251346075881,2.9547842706915612
0.3056796567893635,2.9737251955036865
0.30710112666892253,2.9926661203158123
0.3085159190232803,3.0116070451279375
0.3099241915290213,3.030547969940063
0.3113260964717247,3.049488894752188
0.3127217809657322,3.0684298195643134
0.3141113871548772,3.087370744376439
0.3154950523964235,3.1063116691885644
0.3168729094303544,3.1252525940006897
0.31824508653601324,3.1441935188128154
0.3196117076779377,3.1631344436249407
0.3209728926425621,3.182075368437066
0.3223287571672797,3.2010162932491912
0.3236794130631768,3.2199572180613165
0.3250249683325764,3.2388981428734422
0.3263655272823493,3.2578390676855675
0.3277011906337962,3.276779992497693
0.3290320556297446,3.2957209173098185
0.3303582161393706,3.314661842121944
0.33167976276113087,3.333602766934069
0.33299678292407475,3.3525436917461944
0.3343093609877177,3.3714846165583197
0.3356175783405724,3.3904255413704454
0.33692151349736665,3.4093664661825707
0.3382212421949257,3.428307390994696
0.339516837486653,3.4472483158068217
0.3408083698355137,3.466189240618947
0.34209590720540517,3.4851301654310722
0.343379515150786,3.5040710902431975
0.3446592569044318,3.523012015055323
0.3459351934631867,3.5419529398674485
0.3472073836715888,3.560893864679574
0.34847588430325704,3.579834789491699
0.34974075013994155,3.598775714303825
0.35100203404815816,3.61771663911595
0.3522597870533416,3.6366575639280754
0.3535140584114739,3.6555984887402007
0.35476489567816116,3.674539413552326
0.3560123447751493,3.6934803383644517
0.35725645005428797,3.712421263176577
0.35849725435896485,3.7313621879887022
0.3597347990830506,3.750303112800828
0.3609691242274032,3.7692440376129532
0.3622002684539939,3.7881849624250785
0.3634282691377255,3.807125887237204
0.36465316241602086,3.826066812049329
0.36587498323626405,3.845007736861455
0.3670937654011838,3.86394866167358
0.3683095416122675,3.8828895864857054
0.3695223435112977,3.901830511297831
0.3707322017201031,3.9207714361099564
0.3719391458786127,3.9397123609220817
0.3731432046813028,3.958653285734207
0.37434440591212137,3.977594210546332
0.3755427764779733,3.996535135358458
0.37673834244084226,4.015476060170583
0.3779311290486267,4.034416984982709
0.37912116076475777,4.053357909794834
0.3803084612966648,4.0722988346069595
0.38149305362315017,4.091239759419085
0.3826749600207297,4.11018068423121
0.3838542020889908,4.129121609043335
0.3850308007750164,4.148062533855461
0.3862047763969196,4.167003458667587
0.3873761486665298,4.185944383479712
0.3885449367112662,4.204885308291837
0.3897111590952351,4.223826233103963
0.3908748338395809,4.242767157916088
0.39203597844212057,4.261708082728213
0.3931946098962883,4.2806490075403385
0.3943507447094143,4.299589932352464
0.3955043989203626,4.318530857164589
0.39665558811654816,4.337471781976715
0.39780432745035305,4.3564127067888405
0.3989506316549633,4.375353631600966
0.40009451505964233,4.394294556413091
0.4012359916044601,4.413235481225216
0.40237507485449425,4.432176406037342
0.4035117780135196,4.451117330849467
0.40464611393720257,4.470058255661593
0.4057780951458146,4.488999180473718
0.4069077338364817,4.507940105285844
0.40803504189498363,4.526881030097969
0.4091600309071173,4.545821954910094
0.4102827121696395,4.5647628797222195
0.41140309670080255,4.583703804534345
0.4125211952504967,4.60264472934647
0.41363701831001276,4.621585654158595
0.4147505761214388,4.6405265789707215
0.41586187868670327,4.659467503782847
0.41697093577627764,4.678408428594972
0.4180777569375511,4.697349353407097
0.4191823515028892,4.716290278219223
0.42028472859738847,4.735231203031348
0.42138489714633875,4.754172127843473
0.42248286588240314,4.773113052655599
0.4235786433525284,4.792053977467725
0.42467223792459446,4.81099490227985
0.4257636577938141,4.829935827091975
0.42685291098889194,4.8488767519041005
0.4279400053779528,4.867817676716226
0.42902494867424756,4.886758601528351
0.43010774844164607,4.905699526340476
0.4311884120999248,4.924640451152602
0.4322669469298575,4.943581375964728
0.4333433600781163,4.962522300776853
0.4344176585619907,4.981463225588978
0.435489849273932,5.000404150401104
0.43655993898592804,5.019345075213229
0.4376279343537179,5.038286000025354
0.4386938419208489,5.0572269248374795
0.4397576681225852,5.076167849649606
0.4408194192896714,5.095108774461731
0.4418791016519572,5.114049699273856
0.44293672134188944,5.1329906240859815
0.4439922843978741,5.151931548898107
0.4450457967675156,5.170872473710232
0.44609726431073626,5.189813398522357
0.4471466928027811,5.208754323334483
0.4481940879371112,5.227695248146608
0.4492394553281921,5.246636172958734
0.45028280051417796,5.265577097770859
0.45132412895949725,5.284518022582985
0.4523634460573436,5.30345894739511
0.4534007571320744,5.322399872207235
0.454436067441521,5.3413407970193605
0.45546938217921357,5.360281721831486
0.45650070647652435,5.379222646643612
0.45753004540473113,5.398163571455737
0.45855740397700506,5.4171044962678625
0.4595827871503248,5.436045421079988
0.46060619982732026,5.454986345892113
0.4616276468580478,5.473927270704238
0.46264713304170024,5.492868195516364
0.4636646631282536,5.511809120328489
0.46468024182005285,5.530750045140614
0.46569387377333954,5.54969096995274
0.4667055635997224,5.568631894764866
0.46771531586759396,5.587572819576991
0.4687231351034954,5.606513744389116
0.46972902579343,5.6254546692012415
0.47073299238412886,5.644395594013367
0.4717350392842696,5.663336518825492
0.4727351708656509,5.682277443637618
0.4737333914643226,5.7012183684497435
0.4747297053816747,5.720159293261869
0.4757241168854872,5.739100218073994
0.4767166302109395,5.758041142886119
0.47770724956158445,5.776982067698245
0.47869597911028544,5.79592299251037
0.4796828230001196,5.814863917322495
0.48066778534524796,5.8338048421346205
0.4816508702317532,5.852745766946747
0.4826320817184471,5.871686691758872
0.48361142383764877,5.890627616570997
0.4845889005959334,5.9095685413831225
0.4855645159748544,5.928509466195248
0.48653827393163895,5.947450391007373
0.4875101783998582,5.966391315819498
0.48848023329007295,5.9853322406316245
0.4894484424904556,6.00427316544375
0.4904148098673896,6.023214090255875
0.49137933926604743,6.042155015068
0.49234203451094716,6.061095939880126
0.4933028994064881,6.080036864692251
0.4942619377374685,6.098977789504376
0.4952191532695834,6.1179187143165015
0.49617454974990444,6.136859639128627
0.49712813090734287,6.155800563940753
0.49807990045309486,6.174741488752878
0.4990298620810718,6.1936824135650035
0.49997801946831444,6.212623338377129
0.5009243762753915,6.231564263189254
0.5018689361467856,6.250505188001379
0.5028117027112629,6.269446112813505
0.5037526795822319,6.288387037625631
0.5046918703580875,6.307327962437756
0.5056292786225433,6.326268887249881
0.5065649079449525,6.345209812062007
0.5074987618806164,6.364150736874132
0.5084308439710825,6.383091661686257
0.5093611577444317,6.4020325864983825
0.5102897067155552,6.420973511310508
0.5112164943864215,6.439914436122633
0.5121415242463341,6.458855360934759
0.5130647997721804,6.4777962857468845
0.5139863244286704,6.49673721055901
0.5149061016685685,6.515678135371135
0.5158241349329162,6.53461906018326
0.5167404276512473,6.553559984995386
0.5176549832417952,6.572500909807511
0.5185678051116933,6.591441834619637
0.5194788966571685,6.610382759431762
0.5203882612637268,6.629323684243888
0.5212959023063339,6.648264609056013
0.5222018231495883,6.667205533868138
0.5231060271478897,6.6861464586802635
0.5240085176455996,6.705087383492389
0.5249092979771987,6.724028308304514
0.5258083714674365,6.742969233116639
0.5267057414314777,6.7619101579287655
0.5276014111750427,6.780851082740891
0.5284953839945428,6.799792007553016
0.5293876631772116,6.818732932365141
0.5302782520012324,6.837673857177267
0.5311671537358592,6.856614781989392
0.5320543716415358,6.875555706801517
0.5329399089700098,6.894496631613643
0.5338237689644428,6.913437556425769
0.5347059548595176,6.932378481237894
0.5355864698815406,6.951319406050019
0.5364653172485419,6.9702603308621445
0.5373425001703716,6.98920125567427
0.5382180218487931,7.008142180486395
0.5390918854775728,7.02708310529852
0.5399640942425681,7.046024030110646
0.5408346513218105,7.064964954922772
0.5417035598855886,7.083905879734897
0.542570823096526,7.102846804547022
0.5434364441096582,7.121787729359148
0.5443004260725064,7.140728654171273
0.5451627721251489,7.159669578983398
0.5460234854002912,7.1786105037955235
0.5468825690233323,7.19755142860765
0.5477400261124303,7.216492353419775
0.5485958597785653,7.2354332782319
0.5494500731256001,7.2543742030440255
0.5503026692503402,7.273315127856151
0.5511536512425903,7.292256052668276
0.5520030221852104,7.311196977480401
0.5528507851541696,7.330137902292527
0.5536969432185992,7.349078827104652
0.5545414994408419,7.368019751916778
0.5553844568765024,7.386960676728903
0.5562258185744948,7.405901601541029
0.5570655875770891,7.424842526353154
0.557903766919956,7.443783451165279
0.5587403596322111,7.4627243759774045
0.5595753687364573,7.48166530078953
0.5604087972488259,7.500606225601656
0.561240648179017,7.519547150413781
0.5620709245303389,7.5384880752259065
0.5628996292997455,7.557429000038032
0.5637267654778736,7.576369924850157
0.5645523360490787,7.595310849662282
0.5653763439914705,7.614251774474408
0.5661987922769463,7.633192699286533
0.5670196838712244,7.652133624098658
0.5678390217338766,7.671074548910784
0.5686568088183598,7.69001547372291
0.5694730480720465,7.708956398535035
0.5702877424362546,7.72789732334716
0.5711008948462767,7.7468382481592855
0.5719125082314089,7.765779172971411
0.5727225855149782,7.784720097783536
0.5735311296143698,7.803661022595662
0.5743381434410533,7.8226019474077875
0.575143629900609,7.841542872219913
0.5759475918927531,7.860483797032038
0.576750032311362,7.879424721844163
0.577550954044497,7.898365646656289
0.5783503599744274,7.917306571468414
0.5791482529776539,7.936247496280539
0.5799446359249315,7.955188421092664
0.5807395116812908,7.974129345904791
0.5815328831060605,7.993070270716916
0.5823247530528883,8.012011195529041
0.5831151243697613,8.030952120341166
0.5839039998990272,8.049893045153292
0.5846913824774136,8.068833969965418
0.585477274936048,8.087774894777542
0.5862616801004769,8.106715819589668
0.5870446007906845,8.125656744401793
0.5878260398211116,8.144597669213919
0.5886060000006735,8.163538594026043
0.589384484132778,8.18247951883817
0.590161495015343,8.201420443650296
0.5909370354408136,8.22036136846242
0.5917111081961791,8.239302293274546
0.5924837160629901,8.25824321808667
0.5932548618173744,8.277184142898797
0.5940245482300535,8.296125067710921
0.5947927780663582,8.315065992523047
0.5955595540862448,8.334006917335174
0.5963248790443103,8.352947842147298
0.5970887556898071,8.371888766959424
0.5978511867666589,8.390829691771549
0.598612175013475,8.409770616583675
0.5993717231635648,8.4287115413958
0.6001298339449525,8.447652466207925
0.600886510080391,8.46659339102005
0.6016417542873765,8.485534315832176
0.6023955692781615,8.504475240644302
0.6031479577597693,8.523416165456426
0.6038989224340066,8.542357090268553
0.6046484659974777,8.561298015080677
0.6053965911415973,8.580238939892803
0.6061433005526037,8.599179864704928
0.6068885969115715,8.618120789517054
0.6076324828944244,8.637061714329178
0.608374961171948,8.656002639141304
0.6091160344098023,8.67494356395343
0.6098557052685338,8.693884488765555
0.6105939764035878,8.712825413577681
0.6113308504653208,8.731766338389805
0.6120663300990121,8.750707263201932
0.6128004179448765,8.769648188014056
0.6135331166380751,8.788589112826182
0.6142644288087272,8.807530037638308
0.6149943570819225,8.826470962450433
0.6157229040777322,8.845411887262559
0.6164500724112203,8.864352812074683
0.6171758646924548,8.88329373688681
0.6179002835265193,8.902234661698934
0.6186233315135238,8.92117558651106
0.6193450112486163,8.940116511323186
0.6200653253219927,8.95905743613531
0.6207842763189089,8.977998360947437
0.6215018668196904,8.996939285759561
0.6222180993997443,9.015880210571687
0.6229329766295688,9.034821135383812
0.6236465010747647,9.053762060195938
0.624358675296045,9.072702985008062
0.6250695018492467,9.091643909820188
0.6257789832853392,9.110584834632315
0.6264871221504368,9.129525759444439
0.6271939209858074,9.148466684256565
0.6278993823278836,9.16740760906869
0.628603508708272,9.186348533880816
0.6293063026537643,9.20528945869294
0.6300077666863467,9.224230383505066
0.6307079033232097,9.24317130831719
0.6314067150767587,9.262112233129317
0.6321042044546233,9.281053157941443
0.6328003739596675,9.299994082753567
0.6334952260899991,9.318935007565694
0.63418876333898,9.337875932377818
0.6348809881952353,9.356816857189944
0.6355719031426632,9.375757782002069
0.6362615106604449,9.394698706814195
0.6369498132230534,9.413639631626321
0.6376368133002639,9.432580556438445
0.6383225133571625,9.451521481250571
0.6390069158541564,9.470462406062696
0.6396900232469823,9.489403330874822
0.6403718379867172,9.508344255686946
0.6410523625197859,9.527285180499073
0.6417315992879721,9.546226105311199
0.6424095507284263,9.565167030123323
0.643086219273676,9.58410795493545
0.6437616073516337,9.603048879747574
0.6444357173856073,9.6219898045597
0.6451085517943087,9.640930729371824
0.6457801129918626,9.65987165418395
0.6464504033878158,9.678812578996075
0.6471194253871466,9.697753503808201
0.647787181390273,9.716694428620327
0.6484536737930624,9.735635353432452
0.6491189049868398,9.754576278244578
0.6497828773583978,9.773517203056702
0.6504455932900041,9.792458127868828
0.6511070551594113,9.811399052680953
0.6517672653398655,9.830339977493079
0.6524262262001151,9.849280902305203
0.6530839401044197,9.86822182711733
0.6537404094125581,9.887162751929456
0.6543956364798378,9.90610367674158
0.6550496236571038,9.925044601553706
0.6557023732907468,9.94398552636583
0.6563538877227113,9.962926451177957
0.6570041692905059,9.981867375990081
0.6576532203272101,10.000808300802207
0.658301043161484,10.019749225614333
0.6589476401175766,10.038690150426458
0.6595930135153337,10.057631075238584
0.6602371656702074,10.076572000050708
0.6608800988932639,10.095512924862835
0.661521815491192,10.114453849674959
0.6621623177663121,10.133394774487085
0.6628016080165835,10.152335699299211
0.6634396885356141,10.171276624111336
0.6640765616126678,10.190217548923462
0.6647122295326734,10.209158473735586
0.6653466945762324,10.228099398547712
0.665979959019628,10.247040323359837
0.6666120251348326,10.265981248171963
0.6672428951895172,10.284922172984087
0.6678725714470579,10.303863097796214
0.6685010561665461,10.32280402260834
0.6691283516027948,10.341744947420464
0.6697544600063491,10.36068587223259
0.6703793836234916,10.379626797044715
0.6710031246962528,10.39856772185684
0.6716256854624182,10.417508646668965
0.6722470681555367,10.436449571481091
0.6728672750049284,10.455390496293216
0.6734863082356932,10.474331421105342
0.6741041700687184,10.493272345917468
0.6747208627206865,10.512213270729593
0.6753363884040846,10.531154195541719
0.6759507493272104,10.550095120353843
0.6765639476941818,10.56903604516597
0.6771759857049441,10.587976969978094
0.6777868655552781,10.60691789479022
0.6783965894368084,10.625858819602346
0.6790051595370103,10.64479974441447
0.6796125780392193,10.663740669226597
0.6802188471226371,10.682681594038721
0.6808239689623413,10.701622518850847
0.681427945729292,10.720563443662972
0.6820307795903401,10.739504368475098
0.682632472708235,10.758445293287224
0.6832330272416327,10.777386218099348
0.6838324453451029,10.796327142911474
0.6844307291691374,10.815268067723599
0.6850278808601581,10.834208992535725
0.6856239025605236,10.85314991734785
0.6862187964085383,10.872090842159976
0.6868125645384588,10.8910317669721
0.6874052090805027,10.909972691784226
0.6879967321608554,10.928913616596352
0.6885871359016787,10.947854541408477
0.6891764224211175,10.966795466220603
0.6897645938333079,10.985736391032727
0.6903516522483846,11.004677315844853
0.6909375997724889,11.023618240656978
0.6915224385077761,11.042559165469104
0.6921061705524225,11.061500090281228
0.6926887980006339,11.080441015093355
0.6932703229426525,11.09938193990548
0.6938507474647644,11.118322864717605
0.6944300736493076,11.137263789529731
0.6950083035746795,11.156204714341856
0.6955854393153431,11.175145639153982
0.6961614829418362,11.194086563966106
0.6967364365207779,11.213027488778232
0.6973103021148761,11.231968413590359
0.6978830817829351,11.250909338402483
0.698454777579863,11.26985026321461
0.6990253915566786,11.288791188026734
0.6995949257605201,11.30773211283886
0.7001633822346505,11.326673037650984
0.7007307630184664,11.34561396246311
0.7012970701475052,11.364554887275236
0.7018623056534518,11.38349581208736
0.7024264715641463,11.402436736899487
0.7029895699035913,11.421377661711611
0.703551602691959,11.440318586523738
0.7041125719455988,11.459259511335862
0.7046724796770438,11.478200436147988
0.7052313278950192,11.497141360960113
0.7057891186044482,11.516082285772239
0.7063458538064601,11.535023210584365
0.7069015354983974,11.55396413539649
0.7074561656738226,11.572905060208615
0.7080097463225258,11.59184598502074
0.7085622794305313,11.610786909832866
0.7091137669801053,11.62972783464499
0.7096642109497625,11.648668759457117
0.710213613314274,11.667609684269241
0.7107619760446734,11.686550609081367
0.7113093011082644,11.705491533893493
0.7118555904686279,11.724432458705618
0.712400846085629,11.743373383517744
0.712945069915424,11.762314308329868
0.7134882639104673,11.781255233141994
0.7140304300195186,11.800196157954119
0.7145715701876496,11.819137082766245
0.715111686356252,11.838078007578371
0.7156507804630426,11.857018932390496
0.7161888544420721,11.875959857202622
0.7167259102237311,11.894900782014746
0.7172619497347571,11.913841706826872
0.7177969748982415,11.932782631638997
0.7183309876336366,11.951723556451123
0.7188639898567627,11.970664481263249
0.7193959834798141,11.989605406075373
0.7199269704113673,12.0085463308875
0.7204569525563864,12.027487255699624
0.720985931816231,12.04642818051175
0.7215139100886627,12.065369105323875
0.722040889267852,12.084310030136
0.7225668712443846,12.103250954948125
0.7230918579052688,12.122191879760251
0.7236158511339421,12.141132804572377
0.7241388528102778,12.160073729384502
0.724660864810592,12.179014654196628
0.72518188900765,12.197955579008752
0.7257019272706733,12.216896503820879
0.7262209814653462,12.235837428633003
0.7267390534538224,12.25477835344513
0.727256145094732,12.273719278257254
0.7277722582431879,12.29266020306938
0.7282873947507925,12.311601127881506
0.7288015564656443,12.33054205269363
0.7293147452323445,12.349482977505756
0.729826962892004,12.36842390231788
0.7303382112822496,12.387364827130007
0.7308484922372308,12.406305751942131
0.731357807587626,12.425246676754258
0.7318661591606497,12.444187601566384
0.7323735487800586,12.463128526378508
0.7328799782661581,12.482069451190634
0.7333854494358095,12.501010376002759
0.7338899641024355,12.519951300814885
0.7343935240760273,12.53889222562701
0.7348961311631512,12.557833150439135
0.7353977871669551,12.576774075251262
0.7358984938871743,12.595715000063386
0.7363982531201386,12.614655924875512
0.7368970666587787,12.633596849687637
0.7373949362926326,12.652537774499763
0.7378918638078518,12.671478699311887
0.7383878509872076,12.690419624124013
0.738882899610098,12.709360548936138
0.739377011452554,12.728301473748264
0.7398701882872453,12.74724239856039
0.7403624318834878,12.766183323372514
0.7408537440072486,12.78512424818464
0.7413441264211535,12.804065172996765
0.7418335808844929,12.823006097808891
0.7423221091532279,12.841947022621016
0.7428097129799967,12.860887947433142
0.7432963941141212,12.879828872245266
0.7437821543016127,12.898769797057392
0.7442669952851789,12.917710721869518
0.7447509188042295,12.936651646681643
0.745233926594883,12.955592571493769
0.7457160203899723,12.974533496305893
0.7461972019190514,12.99347442111802
0.7466774729084013,13.012415345930144
0.7471568350810365,13.03135627074227
0.747635290156711,13.050297195554396
0.7481128398519248,13.06923812036652
0.7485894858799291,13.088179045178647
0.7490652299507335,13.107119969990771
0.7495400737711119,13.126060894802897
0.750014019044608,13.145001819615022
0.7504870674715424,13.163942744427148
0.7509592207490177,13.182883669239274
0.7514304805709254,13.201824594051399
0.7519008486279516,13.220765518863525
0.7523703266075829,13.239706443675649
0.7528389161941126,13.258647368487775
0.7533066190686473,13.2775882932999
0.753773436909112,13.296529218112026
0.7542393713902568,13.31547014292415
0.7547044241836623,13.334411067736276
0.7551685969577464,13.353351992548403
0.7556318913777698,13.372292917360527
0.7560943091058416,13.391233842172653
0.7565558518009259,13.410174766984778
0.7570165211188481,13.429115691796904
0.7574763187122991,13.448056616609028
0.7579352462308437,13.466997541421154
0.7583933053209243,13.485938466233279
0.7588504976258679,13.504879391045405
0.7593068247858923,13.523820315857531
0.7597622884381111,13.542761240669655
0.76021689021654,13.561702165481782
0.7606706317521028,13.580643090293906
0.7611235146726368,13.599584015106032
0.7615755406028994,13.618524939918156
0.7620267111645732,13.637465864730283
0.7624770279762721,13.656406789542409
0.7629264926535471,13.675347714354533
0.763375106808892,13.69428863916666
0.7638228720517495,13.713229563978784
0.7642697899885165,13.73217048879091
0.7647158622225502,13.751111413603034
0.765161090354174,13.77005233841516
0.7656054759806827,13.788993263227287
0.7660490206963486,13.807934188039411
0.7664917260924273,13.826875112851537
0.7669335937571632,13.845816037663662
0.767374625275795,13.864756962475788
0.7678148222305621,13.883697887287912
0.7682541862007095,13.902638812100038
0.7686927187624939,13.921579736912163
0.7691304214891894,13.940520661724289
0.7695672959510925,13.959461586536415
0.7700033437155289,13.97840251134854
0.7704385663468579,13.997343436160666
0.7708729654064789,14.01628436097279
0.7713065424528364,14.035225285784916
0.7717392990414261,14.05416621059704
0.7721712367248001,14.073107135409167
0.7726023570525729,14.092048060221291
0.7730326615714258,14.110988985033417
0.7734621518251142,14.129929909845544
0.7738908293544722,14.148870834657668
0.7743186956974176,14.167811759469794
0.7747457523889585,14.186752684281918
0.775172000961198,14.205693609094045
0.7755974429433403,14.224634533906169
0.7760220798616956,14.243575458718295
0.7764459132396861,14.262516383530421
0.7768689445978509,14.281457308342546
0.7772911754538523,14.300398233154672
0.7777126073224802,14.319339157966796
0.7781332417156583,14.338280082778923
0.7785530801424494,14.357221007591047
0.7789721241090606,14.376161932403173
0.7793903751188485,14.3951028572153
0.7798078346723254,14.414043782027424
0.7802245042671639,14.43298470683955
0.7806403853982026,14.451925631651674
0.7810554795574514,14.4708665564638
0.781469788234097,14.489807481275925
0.7818833129145076,14.508748406088051
0.78229605508224,14.527689330900175
0.7827080162180419,14.546630255712302
0.7831191977998605,14.565571180524428
0.7835296013028454,14.584512105336552
0.7839392281993552,14.603453030148678
0.7843480799589622,14.622393954960803
0.7847561580484576,14.641334879772929
0.7851634639318572,14.660275804585053
0.7855699990704069,14.67921672939718
0.7859757649225868,14.698157654209304
0.7863807629441173,14.71709857902143
0.786784994587964,14.736039503833556
0.7871884613043438,14.75498042864568
0.7875911645407287,14.773921353457807
0.7879931057418514,14.792862278269931
0.7883942863497113,14.811803203082057
0.788794707803579,14.830744127894182
0.7891943715400015,14.849685052706308
0.7895932789928072,14.868625977518434
0.7899914315931116,14.887566902330558
0.7903888307693218,14.906507827142685
0.7907854779471422,14.925448751954809
0.7911813745495793,14.944389676766935
0.7915765219969465,14.96333060157906
0.7919709217068701,14.982271526391186
0.7923645750942935,15.001212451203312
0.7927574835714826,15.020153376015436
0.7931496485480307,15.039094300827562
0.7935410714308643,15.058035225639687
0.7939317536242468,15.076976150451813
0.7943216965297851,15.095917075263937
0.7947109015464333,15.114858000076064
0.7950993700704984,15.133798924888188
0.7954871034956452,15.152739849700314
0.7958741032129012,15.17168077451244
0.7962603706106618,15.190621699324565
0.796645907074695,15.20956262413669
0.7970307139881466,15.228503548948815
0.7974147927315451,15.247444473760941
0.7977981446828065,15.266385398573066
0.7981807712172395,15.285326323385192
0.7985626737075501,15.304267248197316
0.7989438535238468,15.323208173009442
0.7993243120336457,15.342149097821569
0.7997040506018749,15.361090022633693
0.8000830705908797,15.38003094744582
0.8004613733604274,15.398971872257944
0.8008389602677124,15.41791279707007
0.8012158326673605,15.436853721882194
0.8015919919114347,15.45579464669432
0.8019674393494387,15.474735571506447
0.8023421763283236,15.493676496318571
0.8027162041924905,15.512617421130697
0.8030895242837973,15.531558345942821
0.8034621379415624,15.550499270754948
0.80383404650257,15.569440195567072
0.8042052513010742,15.588381120379198
0.8045757536688054,15.607322045191324
0.8049455549349724,15.626262970003449
0.8053146564262703,15.645203894815575
0.8056830594668825,15.6641448196277
0.8060507653784871,15.683085744439826
0.8064177754802613,15.70202666925195
0.8067840910888858,15.720967594064076
0.8071497135185502,15.7399085188762
0.8075146440809566,15.758849443688327
0.8078788840853255,15.777790368500453
0.8082424348383995,15.796731293312577
0.808605297644449,15.815672218124703
0.8089674738052758,15.834613142936828
0.8093289646202186,15.853554067748954
0.8096897713861573,15.872494992561078
0.8100498953975177,15.891435917373204
0.8104093379462762,15.910376842185329
0.8107681003219642,15.929317766997455
0.8111261838116732,15.948258691809581
0.8114835897000593,15.967199616621706
0.8118403192693471,15.986140541433832
0.812196373799335,16.005081466245958
0.8125517545673999,16.024022391058082
0.8129064628485014,16.042963315870207
0.8132604999151863,16.06190424068233
0.8136138670375935,16.08084516549446
0.8139665654834587,16.099786090306583
0.814318596518118,16.118727015118708
0.8146699614045139,16.137667939930836
0.8150206614031985,16.15660886474296
0.8153706977723387,16.175549789555085
0.8157200717677207,16.19449071436721
0.8160687846427538,16.213431639179337
0.8164168376484764,16.23237256399146
0.8167642320335586,16.251313488803586
0.8171109690443087,16.270254413615714
0.8174570499246756,16.289195338427838
0.8178024759162551,16.308136263239962
0.8181472482582927,16.327077188052087
0.8184913681876895,16.346018112864215
0.8188348369390057,16.36495903767634
0.8191776557444657,16.383899962488464
0.8195198258339618,16.40284088730059
0.8198613484350591,16.421781812112716
0.8202022247729998,16.44072273692484
0.8205424560707076,16.459663661736965
0.820882043548792,16.478604586549093
0.8212209884255528,16.497545511361217
0.8215592919169841,16.51648643617334
0.8218969552367795,16.53542736098547
0.8222339795963355,16.554368285797594
0.8225703662047568,16.573309210609718
0.8229061162688593,16.592250135421843
0.823241230993176,16.61119106023397
0.8235757115799601,16.630131985046095
0.8239095592291901,16.64907290985822
0.8242427751385735,16.668013834670347
0.8245753605035515,16.68695475948247
0.8249073165173034,16.705895684294596
0.8252386443707501,16.72483660910672
0.8255693452525592,16.74377753391885
0.8258994203491493,16.762718458730973
0.8262288708446935,16.781659383543097
0.8265576979211241,16.80060030835522
0.8268859027581372,16.81954123316735
0.8272134865331964,16.838482157979474
0.8275404504215368,16.8574230827916
0.8278667955961704,16.876364007603726
0.8281925232278885,16.89530493241585
0.8285176344852677,16.914245857227975
0.8288421305346729,16.9331867820401
0.8291660125402626,16.952127706852227
0.8294892816639912,16.97106863166435
0.8298119390656152,16.990009556476476
0.8301339859026963,17.008950481288604
0.8304554233306053,17.02789140610073
0.8307762525025276,17.046832330912853
0.8310964745694653,17.065773255724977
0.8314160906802437,17.084714180537105
0.8317351019815129,17.10365510534923
0.8320535096177542,17.122596030161354
0.8323713147312828,17.141536954973482
0.8326885184622521,17.160477879785606
0.8330051219486585,17.17941880459773
0.8333211263263446,17.198359729409855
0.8336365327290035,17.217300654221983
0.8339513422881836,17.236241579034107
0.8342655561332913,17.255182503846232
0.8345791753915965,17.274123428658356
0.8348922011882356,17.293064353470484
0.8352046346462162,17.31200527828261
0.8355164768864205,17.330946203094733
0.8358277290276097,17.34988712790686
0.836138392186428,17.368828052718985
0.8364484674774069,17.38776897753111
0.8367579560129684,17.406709902343234
0.8370668589034298,17.425650827155362
0.8373751772570072,17.444591751967486
0.8376829121798195,17.46353267677961
0.8379900647758928,17.48247360159174
0.8382966361471638,17.501414526403863
0.8386026273934841,17.520355451215988
0.838908039612624,17.539296376028112
0.8392128739002765,17.55823730084024
0.8395171313500616,17.577178225652364
0.8398208130535291,17.59611915046449
0.8401239201001639,17.615060075276617
0.8404264535773888,17.63400100008874
0.8407284145705692,17.652941924900865
0.8410298041630166,17.67188284971299
0.8413306234359924,17.690823774525118
0.8416308734687121,17.709764699337242
0.8419305553383489,17.728705624149367
0.8422296701200376,17.747646548961495
0.8425282188868789,17.76658747377362
0.8428262027099424,17.785528398585743
0.843123622658271,17.804469323397868
0.843420479798885,17.823410248209996
0.8437167751967852,17.84235117302212
0.8440125099149574,17.861292097834244
0.8443076850143756,17.880233022646372
0.8446023015540062,17.899173947458497
0.8448963605908116,17.91811487227062
0.8451898631797552,17.937055797082746
0.845482810373802,17.955996721894874
0.8457752032239265,17.974937646706998
0.8460670427791134,17.993878571519122
0.8463583300863624,18.012819496331247
0.8466490661906922,18.031760421143375
0.8469392521351442,18.0507013459555
0.8472288889607857,18.069642270767623
0.8475179777067141,18.08858319557975
0.8478065194100607,18.107524120391876
0.848094515105994,18.126465045204
0.8483819658277237,18.145405970016125
0.8486688726065043,18.164346894828252
0.8489552364716391,18.183287819640377
0.8492410584504835,18.2022287444525
0.8495263395684487,18.22116966926463
0.8498110808490057,18.240110594076754
0.8500952833136889,18.259051518888878
0.8503789479820992,18.277992443701002
0.8506620758719086,18.29693336851313
0.850944667998863,18.315874293325255
0.8512267253767866,18.33481521813738
0.8515082490175845,18.353756142949507
0.8517892399312474,18.37269706776163
0.8520696991258553,18.391637992573756
0.8523496276075794,18.41057891738588
0.8526290263806882,18.429519842198008
0.8529078964475486,18.448460767010133
0.8531862388086318,18.467401691822257
0.8534640544625152,18.48634261663438
0.8537413444058868,18.50528354144651
0.8540181096335484,18.524224466258634
0.8542943511384194,18.543165391070758
0.8545700699115407,18.562106315882886
0.8548452669420772,18.58104724069501
0.8551199432173222,18.599988165507135
0.8553940997227011,18.61892909031926
0.8556677374417742,18.637870015131387
0.8559408573562406,18.65681093994351
0.856213460445942,18.675751864755636
0.8564855476888659,18.694692789567764
0.856757120061149,18.71363371437989
0.8570281785370808,18.732574639192013
0.8572987240891075,18.751515564004137
0.8575687576878348,18.770456488816265
0.8578382803020316,18.78939741362839
0.8581072928986342,18.808338338440514
0.8583757964427488,18.827279263252642
0.8586437918976549,18.846220188064766
0.8589112802248101,18.86516111287689
0.859178262383852,18.884102037689015
0.8594447393326022,18.903042962501143
0.8597107120270705,18.921983887313267
0.8599761814214568,18.94092481212539
0.8602411484681558,18.95986573693752
0.86050561411776,18.978806661749644
0.8607695793190631,18.99774758656177
0.8610330450190633,19.016688511373893
0.8612960121629666,19.03562943618602
0.861558481694191,19.054570360998145
0.8618204545543686,19.07351128581027
0.86208193168335,19.092452210622398
0.8623429140192074,19.111393135434522
0.8626034024982376,19.130334060246646
0.8628633980549658,19.14927498505877
0.863122901622149,19.1682159098709
0.8633819141307786,19.187156834683023
0.8636404365100847,19.206097759495147
0.8638984696875389,19.225038684307272
0.8641560145888578,19.2439796091194
0.8644130721380063,19.262920533931524
0.864669643257201,19.28186145874365
0.8649257288669127,19.300802383555776
0.8651813298858714,19.3197433083679
0.8654364472310678,19.338684233180025
0.8656910818177578,19.35762515799215
0.8659452345594653,19.376566082804278
0.8661989063679854,19.395507007616402
0.8664520981533879,19.414447932428526
0.8667048108240206,19.433388857240654
0.8669570452865121,19.45232978205278
0.8672088024457753,19.471270706864903
0.8674600832050116,19.490211631677028
0.8677108884657124,19.509152556489155
0.8679612191276633,19.52809348130128
0.8682110760889478,19.547034406113404
0.8684604602459495,19.565975330925532
0.8687093724933558,19.584916255737657
0.868957813724161,19.60385718054978
0.8692057848296698,19.622798105361905
0.8694532866995004,19.641739030174033
0.8697003202215872,19.660679954986158
0.8699468862821845,19.679620879798282
0.8701929857658698,19.698561804610407
0.8704386195555462,19.717502729422534
0.8706837885324469,19.73644365423466
0.8709284935761366,19.755384579046783
0.8711727355645162,19.77432550385891
0.8714165153738251,19.793266428671036
0.8716598338786449,19.81220735348316
0.8719026919519016,19.831148278295284
0.8721450904648701,19.850089203107412
0.872387030287176,19.869030127919537
0.8726285122867997,19.88797105273166
0.872869537330079,19.90691197754379
0.8731101062817122,19.925852902355913
0.8733502200047617,19.944793827168038
0.8735898793606564,19.963734751980162
0.8738290852091948,19.98267567679229
0.8740678384085492,20.001616601604415
0.8743061398152673,20.02055752641654
0.8745439902842765,20.039498451228667
0.8747813906688858,20.05843937604079
0.8750183418207902,20.077380300852916
0.8752548445900724,20.09632122566504
0.8754908998252068,20.115262150477168
0.8757265083730623,20.134203075289292
0.8759616710789051,20.153144000101417
0.8761963887864019,20.172084924913545
0.8764306623376231,20.19102584972567
0.8766644925730455,20.209966774537794
0.8768978803315556,20.228907699349918
0.877130826450452,20.247848624162046
0.8773633317654496,20.26678954897417
0.8775953971106817,20.285730473786295
0.8778270233187025,20.304671398598423
0.8780582112204915,20.323612323410547
0.8782889616454557,20.34255324822267
0.8785192754214323,20.361494173034796
0.8787491533746921,20.380435097846924
0.8789785963299421,20.399376022659048
0.8792076051103295,20.418316947471173
0.8794361805374428,20.437257872283297
0.8796643234313164,20.456198797095425
0.8798920346104332,20.47513972190755
0.8801193148917266,20.494080646719674
0.8803461650905846,20.5130215715318
0.8805725860208519,20.531962496343926
0.8807985784948339,20.55090342115605
0.8810241433232978,20.569844345968175
0.8812492813154776,20.588785270780303
0.8814739932790753,20.607726195592427
0.8816982800202647,20.62666712040455
0.881922142343694,20.64560804521668
0.8821455810524891,20.664548970028804
0.8823685969482558,20.68348989484093
0.8825911908310831,20.702430819653053
0.8828133634995458,20.72137174446518
0.8830351157507079,20.740312669277305
0.8832564483801252,20.75925359408943
0.8834773621818476,20.778194518901557
0.8836978579484229,20.79713544371368
0.8839179364708987,20.816076368525806
0.884137598538826,20.83501729333793
0.8843568449402617,20.85395821815006
0.8845756764617714,20.872899142962183
0.8847940938884323,20.891840067774307
0.885012098003836,20.91078099258643
0.8852296895900915,20.92972191739856
0.8854468694278274,20.948662842210684
0.8856636382961954,20.96760376702281
0.8858799969728729,20.986544691834936
0.8860959462340654,21.00548561664706
0.8863114868545096,21.024426541459185
0.8865266196074767,21.04336746627131
0.8867413452647741,21.062308391083437
0.8869556645967489,21.081249315895562
0.8871695783722904,21.100190240707686
0.8873830873588328,21.119131165519814
0.8875961923223584,21.13807209033194
0.8878088940274,21.157013015144063
0.8880211932370433,21.175953939956187
0.8882330907129306,21.194894864768315
0.8884445872152622,21.21383578958044
0.8886556835028004,21.232776714392564
0.8888663803328717,21.251717639204692
0.8890766784613695,21.270658564016816
0.8892865786427565,21.28959948882894
0.8894960816300682,21.308540413641065
0.8897051881749146,21.327481338453193
0.8899138990274839,21.346422263265318
0.8901222149365442,21.365363188077442
0.8903301366494475,21.38430411288957
0.8905376649121307,21.403245037701694
0.89074480046912,21.42218596251382
0.8909515440635319,21.441126887325943
0.8911578964370773,21.46006781213807
0.8913638583300636,21.479008736950195
0.8915694304813965,21.49794966176232
0.8917746136285845,21.516890586574448
0.8919794085077402,21.535831511386572
0.8921838158535828,21.554772436198697
0.8923878363994417,21.57371336101082
0.8925914708772584,21.59265428582295
0.8927947200175894,21.611595210635073
0.8929975845496086,21.630536135447198
0.8932000652011105,21.649477060259322
0.8934021626985119,21.66841798507145
0.8936038777668553,21.687358909883574
0.8938052111298114,21.7062998346957
0.8940061635096808,21.725240759507827
0.8942067356273979,21.74418168431995
0.8944069282025329,21.763122609132076
0.8946067419532937,21.7820635339442
0.89480617759653,21.801004458756328
0.8950052358477348,21.819945383568452
0.8952039174210465,21.838886308380577
0.8954022230292529,21.857827233192705
0.8956001533837923,21.87676815800483
0.8957977091947575,21.895709082816953
0.8959948911708971,21.914650007629078
0.896191700019619,21.933590932441206
0.8963881364469918,21.95253185725333
0.8965842011577483,21.971472782065455
0.896779894855288,21.990413706877582
0.896975218241679,22.009354631689707
0.8971701720176611,22.02829555650183
0.897364756882648,22.047236481313956
0.89755897353473,22.066177406126084
0.8977528226706761,22.085118330938208
0.8979463049859371,22.104059255750332
0.8981394211746477,22.123000180562457
0.8983321719296293,22.141941105374585
0.8985245579423918,22.16088203018671
0.8987165799031371,22.179822954998833
0.8989082385007605,22.19876387981096
0.8990995344228542,22.217704804623086
0.8992904683557089,22.23664572943521
0.8994810409843167,22.255586654247335
0.8996712529923738,22.274527579059463
0.8998611050622823,22.293468503871587
0.9000505978751534,22.31240942868371
0.9002397321108084,22.33135035349584
0.9004285084477834,22.350291278307964
0.90061692756333,22.369232203120088
0.900804990133418,22.388173127932212
0.9009926968327385,22.40711405274434
0.9011800483347058,22.426054977556465
0.9013670453114596,22.44499590236859
0.9015536884338679,22.463936827180717
0.9017399783715291,22.48287775199284
0.9019259157927749,22.501818676804966
0.9021115013646721,22.52075960161709
0.9022967357530249,22.53970052642922
0.9024816196223779,22.558641451241343
0.9026661536360182,22.577582376053467
0.9028503384559777,22.596523300865595
0.9030341747430354,22.61546422567772
0.9032176631567203,22.634405150489844
0.903400804355313,22.653346075301968
0.9035835989958486,22.672287000114096
0.9037660477341188,22.69122792492622
0.9039481512246744,22.710168849738345
0.9041299101208276,22.729109774550473
0.9043113250746543,22.748050699362597
0.9044923967369964,22.76699162417472
0.9046731257574645,22.785932548986846
0.9048535127844398,22.804873473798974
0.9050335584650765,22.8238143986111
0.9052132634453038,22.842755323423223
0.9053926283698296,22.861696248235347
0.9055716538821409,22.880637173047475
0.9057503406245075,22.8995780978596
0.9059286892379836,22.918519022671724
0.9061067003624109,22.937459947483852
0.9062843746364192,22.956400872295976
0.9064617126974308,22.9753417971081
0.9066387151816614,22.994282721920225
0.9068153827241229,23.013223646732353
0.9069917159586256,23.032164571544477
0.9071677155177804,23.0511054963566
0.9073433820330011,23.07004642116873
0.9075187161345066,23.088987345980854
0.9076937184513235,23.10792827079298
0.9078683896112878,23.126869195605103
0.9080427302410473,23.14581012041723
0.9082167409660646,23.164751045229355
0.9083904224106183,23.18369197004148
0.9085637751978057,23.202632894853608
0.9087367999495451,23.221573819665732
0.9089094972865781,23.240514744477856
0.909081867828471,23.25945566928998
0.9092539121936185,23.27839659410211
0.909425630999245,23.297337518914233
0.9095970248614064,23.316278443726357
0.9097680943949934,23.335219368538482
0.9099388402137325,23.35416029335061
0.9101092629301897,23.373101218162734
0.9102793631557712,23.39204214297486
0.9104491415007264,23.410983067786987
0.9106185985741502,23.42992399259911
0.9107877349839842,23.448864917411235
0.9109565513370205,23.46780584222336
0.9111250482389023,23.486746767035488
0.9112932262941269,23.505687691847612
0.9114610861060479,23.524628616659736
0.911628628276877,23.543569541471864
0.9117958534076865,23.56251046628399
0.911962762098411,23.581451391096113
0.9121293549478501,23.600392315908238
0.9122956325536701,23.619333240720366
0.9124615955124067,23.63827416553249
0.9126272444194662,23.657215090344614
0.9127925798691285,23.676156015156742
0.9129576024545494,23.695096939968867
0.9131223127677616,23.71403786478099
0.9132867113996775,23.732978789593115
0.9134507989400922,23.751919714405243
0.9136145759776835,23.770860639217368
0.9137780431000162,23.789801564029492
0.9139412008935426,23.80874248884162
0.9141040499436056,23.827683413653745
0.9142665908344405,23.84662433846587
0.9144288241491768,23.865565263277993
0.9145907504698408,23.88450618809012
0.9147523703773575,23.903447112902246
0.9149136844515522,23.92238803771437
0.9150746932711533,23.941328962526498
0.9152353974137941,23.960269887338622
0.915395797456015,23.979210812150747
0.9155558939732646,23.99815173696287
0.9157156875399035,24.017092661775
0.9158751787292049,24.036033586587124
0.9160343681133576,24.054974511399248
0.9161932562634673,24.073915436211372
0.916351843749559,24.0928563610235
0.9165101311405796,24.111797285835625
0.9166681190043984,24.13073821064775
0.916825807907811,24.149679135459877
0.9169831984165401,24.168620060272
0.9171402910952378,24.187560985084126
0.9172970865074876,24.20650190989625
0.9174535852158074,24.225442834708378
0.9176097877816494,24.244383759520503
0.9177656947654043,24.263324684332627
0.9179213067264017,24.282265609144755
0.9180766242229135,24.30120653395688
0.9182316478121545,24.320147458769004
0.9183863780502856,24.339088383581128
0.918540815492415,24.358029308393256
0.9186949606926001,24.37697023320538
0.9188488142038508,24.395911158017505
0.9190023765781299,24.414852082829633
0.9191556483663557,24.433793007641757
0.9193086301184042,24.45273393245388
0.9194613223831108,24.471674857266006
0.9196137257082724,24.490615782078134
0.9197658406406495,24.50955670689026
0.9199176677259672,24.528497631702383
0.9200692075089187,24.547438556514507
0.9202204605331662,24.566379481326635
0.920371427341343,24.58532040613876
0.9205221084750561,24.604261330950884
0.9206725044748868,24.62320225576301
0.9208226158803942,24.642143180575136
0.920972443230116,24.66108410538726
0.9211219870615708,24.680025030199385
0.9212712479112604,24.698965955011513
0.9214202263146708,24.717906879823637
0.9215689228062752,24.73684780463576
0.9217173379195355,24.75578872944789
0.9218654721869035,24.774729654260014
0.922013326139824,24.79367057907214
0.9221609003087362,24.812611503884263
0.922308195223075,24.83155242869639
0.9224552114112738,24.850493353508515
0.9226019494007663,24.86943427832064
0.9227484097179877,24.888375203132767
0.9228945928883769,24.907316127944892
0.9230404994363793,24.926257052757016
0.9231861298854472,24.94519797756914
0.9233314847580425,24.96413890238127
0.9234765645756383,24.983079827193393
0.9236213698587218,25.002020752005517
0.9237659011267939,25.020961676817645
0.9239101588983735,25.03990260162977
0.9240541436909978,25.058843526441894
0.924197856021225,25.07778445125402
0.9243412964046357,25.096725376066146
0.9244844653558345,25.11566630087827
0.9246273633884529,25.134607225690395
0.9247699910151498,25.153548150502523
0.9249123487476143,25.172489075314648
0.9250544370965671,25.191430000126772
0.9251962565717631,25.210370924938896
0.9253378076819916,25.229311849751024
0.9254790909350797,25.24825277456315
0.9256201068378932,25.267193699375273
0.9257608558963394,25.286134624187397
0.9259013386153677,25.305075548999525
0.9260415554989719,25.32401647381165
0.9261815070501925,25.342957398623774
0.9263211937711181,25.361898323435902
0.9264606161628867,25.380839248248027
0.9265997747256883,25.39978017306015
0.9267386699587667,25.418721097872275
0.9268773023604205,25.437662022684403
0.9270156724280056,25.456602947496528
0.9271537806579367,25.475543872308652
0.9272916275456892,25.49448479712078
0.9274292135858009,25.513425721932904
0.9275665392718735,25.53236664674503
0.927703605096575,25.551307571557153
0.9278404115516411,25.57024849636928
0.9279769591278769,25.589189421181405
0.9281132483151587,25.60813034599353
0.9282492796024362,25.627071270805658
0.9283850534777329,25.646012195617782
0.9285205704281501,25.664953120429907
0.9286558309398663,25.68389404524203
0.9287908354981407,25.70283497005416
0.9289255845873136,25.721775894866283
0.9290600786908093,25.740716819678408
0.9291943182911373,25.759657744490532
0.9293283038698937,25.77859866930266
0.9294620359077634,25.797539594114784
0.929595514884522,25.81648051892691
0.9297287412790368,25.835421443739037
0.9298617155692694,25.85436236855116
0.9299944382322765,25.873303293363286
0.9301269097442123,25.89224421817541
0.9302591305803296,25.911185142987538
0.9303911012149828,25.930126067799662
0.9305228221216277,25.949066992611787
0.9306542937728248,25.968007917423915
0.9307855166402398,25.98694884223604
0.9309164911946465,26.005889767048163
0.9310472179059276,26.024830691860288
0.9311776972430763,26.043771616672416
0.9313079296741988,26.06271254148454
0.9314379156665152,26.081653466296665
0.9315676556863619,26.100594391108793
0.9316971501991924,26.119535315920917
0.9318263996695797,26.13847624073304
0.9319554045612173,26.157417165545166
0.9320841653369217,26.176358090357294
0.9322126824586333,26.195299015169418
0.9323409563874188,26.214239939981542
0.9324689875834717,26.23318086479367
0.9325967765061155,26.252121789605795
0.932724323613804,26.27106271441792
0.9328516293641236,26.290003639230044
0.9329786942137946,26.30894456404217
0.9331055186186735,26.327885488854296
0.933232103033754,26.34682641366642
0.9333584479131685,26.36576733847855
0.9334845537101903,26.384708263290673
0.9336104208772353,26.403649188102797
0.9337360498658628,26.42259011291492
0.9338614411267776,26.44153103772705
0.933986595109832,26.460471962539174
0.9341115122640266,26.479412887351298
0.9342361930375128,26.498353812163423
0.934360637877594,26.51729473697555
0.9344848472307267,26.536235661787675
0.9346088215425227,26.5551765865998
0.9347325612577506,26.574117511411927
0.9348560668203381,26.59305843622405
0.9349793386733715,26.611999361036176
0.9351023772590996,26.6309402858483
0.935225183018934,26.64988121066043
0.9353477563934511,26.668822135472553
0.9354700978223938,26.687763060284677
0.9355922077446724,26.706703985096805
0.9357140865983672,26.72564490990893
0.9358357348207291,26.744585834721054
0.9359571528481818,26.76352675953318
0.9360783411163229,26.782467684345306
0.9361993000599259,26.80140860915743
0.9363200301129417,26.820349533969555
0.9364405317085001,26.839290458781683
0.9365608052789106,26.858231383593807
0.9366808512556657,26.87717230840593
0.9368006700694405,26.896113233218056
0.9369202621500955,26.915054158030184
0.9370396279266779,26.93399508284231
0.9371587678274228,26.952936007654433
0.9372776822797547,26.971876932466557
0.9373963717102901,26.990817857278685
0.9375148365448372,27.00975878209081
0.9376330772083995,27.028699706902934
0.9377510941251753,27.047640631715062
0.9378688877185608,27.066581556527186
0.9379864584111506,27.08552248133931
0.93810380662474,27.104463406151435
0.938220932780326,27.123404330963563
0.9383378372981089,27.142345255775687
0.9384545205974939,27.161286180587812
0.9385709830970924,27.18022710539994
0.9386872252147236,27.199168030212064
0.9388032473674168,27.21810895502419
0.9389190499714113,27.237049879836313
0.939034633442159,27.25599080464844
0.9391499981943259,27.274931729460565
0.939265144641793,27.29387265427269
0.9393800731976584,27.312813579084818
0.9394947842742379,27.331754503896942
0.939609278283068,27.350695428709066
0.9397235556349057,27.36963635352119
0.9398376167397313,27.38857727833332
0.9399514620067487,27.407518203145443
0.9400650918443878,27.426459127957568
0.9401785066603056,27.445400052769696
0.9402917068613876,27.46434097758182
0.9404046928537496,27.483281902393944
0.9405174650427384,27.50222282720607
0.9406300238329343,27.521163752018197
0.9407423696281517,27.54010467683032
0.9408545028314411,27.559045601642445
0.9409664238450903,27.577986526454573
0.9410781330706252,27.596927451266698
0.9411896309088129,27.615868376078822
0.9413009177596615,27.634809300890947
0.9414119940224223,27.653750225703075
0.941522860095591,27.6726911505152
0.9416335163769094,27.691632075327323
0.9417439632633664,27.710573000139448
0.9418542011512001,27.729513924951576
0.9419642304358985,27.7484548497637
0.9420740515122014,27.767395774575824
0.9421836647741012,27.786336699387952
0.9422930706148454,27.805277624200077
0.9424022694269367,27.8242185490122
0.9425112616021355,27.843159473824326
0.942620047531461,27.862100398636453
0.9427286276051919,27.881041323448578
0.9428370022128688,27.899982248260702
0.9429451717432951,27.91892317307283
0.9430531365845384,27.937864097884955
0.9431608971239321,27.95680502269708
0.9432684537480766,27.975745947509203
0.9433758068428405,27.99468687232133
0.9434829567933622,28.013627797133456
0.9435899039840521,28.03256872194558
0.9436966487985922,28.051509646757708
0.9438031916199389,28.070450571569832
0.943909532830324,28.089391496381957
0.9440156728112558,28.10833242119408
0.9441216119435208,28.12727334600621
0.944227350607185,28.146214270818334
0.9443328891815949,28.165155195630458
0.9444382280453795,28.184096120442582
0.9445433675764511,28.20303704525471
0.944648308152007,28.221977970066835
0.9447530501485305,28.24091889487896
0.9448575939417929,28.259859819691087
0.9449619399068542,28.27880074450321
0.9450660884180645,28.297741669315336
0.9451700398490657,28.31668259412746
0.9452737945727928,28.335623518939588
0.9453773529614748,28.354564443751713
0.9454807153866368,28.373505368563837
0.9455838822191001,28.392446293375965
0.9456868538289849,28.41138721818809
0.9457896305857106,28.430328143000214
0.9458922128579984,28.449269067812338
0.9459946010138707,28.468209992624466
0.9460967954206541,28.48715091743659
0.9461987964449798,28.506091842248715
0.9463006044527855,28.525032767060843
0.9464022198093166,28.543973691872967
0.9465036428791267,28.56291461668509
0.9466048740260802,28.581855541497216
0.9467059136133523,28.600796466309344
0.9468067620034317,28.61973739112147
0.9469074195581206,28.638678315933593
0.947007886638537,28.65761924074572
0.9471081636051152,28.676560165557845
0.9472082508176075,28.69550109036997
0.9473081486350856,28.714442015182094
0.9474078574159416,28.73338293999422
0.9475073775178898,28.752323864806346
0.9476067092979668,28.77126478961847
0.9477058531125342,28.7902057144306
0.9478048093172794,28.809146639242723
0.9479035782672159,28.828087564054847
0.9480021603166863,28.84702848886697
0.9481005558193621,28.8659694136791
0.9481987651282461,28.884910338491224
0.9482967885956725,28.90385126330335
0.9483946265733091,28.922792188115473
0.9484922794121582,28.9417331129276
0.948589747462558,28.960674037739725
0.9486870310741835,28.97961496255185
0.9487841305960483,28.998555887363977
0.9488810463765052,29.017496812176102
0.9489777787632482,29.036437736988226
0.9490743281033134,29.05537866180035
0.9491706947430797,29.07431958661248
0.9492668790282709,29.093260511424603
0.9493628813039566,29.112201436236727
0.9494587019145531,29.131142361048855
0.9495543412038255,29.15008328586098
0.9496497995148879,29.169024210673104
0.9497450771902054,29.18796513548523
0.9498401745715953,29.206906060297356
0.9499350920002273,29.22584698510948
0.9500298298166262,29.244787909921605
0.9501243883606724,29.263728834733733
0.9502187679716024,29.282669759545858
0.9503129689880119,29.301610684357982
0.9504069917478549,29.320551609170106
0.9505008365884463,29.339492533982234
0.9505945038464627,29.35843345879436
0.9506879938579439,29.377374383606483
0.950781306958293,29.396315308418608
0.950874443482279,29.415256233230735
0.9509674037640375,29.43419715804286
0.9510601881370716,29.453138082854984
0.9511527969342531,29.472079007667112
0.9512452304878245,29.491019932479237
0.9513374891293993,29.50996085729136
0.9514295731899629,29.528901782103485
0.9515214829998754,29.547842706915613
0.9516132188888712,29.566783631727738
0.9517047811860607,29.585724556539862
0.9517961702199319,29.60466548135199
0.9518873863183506,29.623606406164114
0.9519784298085627,29.64254733097624
0.9520693010171948,29.661488255788363
0.952160000270255,29.68042918060049
0.9522505278931351,29.699370105412616
0.9523408842106107,29.71831103022474
0.9524310695468431,29.737251955036868
0.9525210842253797,29.756192879848992
0.9526109285691565,29.775133804661117
0.9527006029004977,29.79407472947324
0.9527901075411178,29.81301565428537
0.9528794428121226,29.831956579097493
0.9529686090340098,29.850897503909618
0.9530576065266717,29.869838428721746
0.9531464356093942,29.88877935353387
0.9532350966008596,29.907720278345995
0.9533235898191466,29.92666120315812
0.9534119155817324,29.945602127970247
0.9535000742054938,29.96454305278237
0.9535880660067074,29.983483977594496
0.9536758913010512,30.002424902406624
0.9537635504036065,30.021365827218748
0.9538510436288576,30.040306752030872
0.9539383712906944,30.059247676842997
0.9540255337024124,30.078188601655125
0.9541125311767144,30.09712952646725
0.9541993640257114,30.116070451279374
0.9542860325609238,30.135011376091498
0.9543725370932825,30.153952300903626
0.9544588779331304,30.17289322571575
0.9545450553902227,30.191834150527875
0.9546310697737282,30.210775075340003
0.9547169213922315,30.229716000152127
0.9548026105537324,30.24865692496425
0.9548881375656483,30.267597849776376
0.9549735027348152,30.286538774588504
0.9550587063674878,30.305479699400628
0.9551437487693415,30.324420624212753
0.9552286302454737,30.34336154902488
0.9553133511004037,30.362302473837005
0.9553979116380751,30.38124339864913
0.9554823121618565,30.400184323461254
0.9555665529745418,30.41912524827338
0.9556506343783526,30.438066173085506
0.9557345566749381,30.45700709789763
0.9558183201653767,30.47594802270976
0.9559019251501777,30.494888947521883
0.9559853719292806,30.513829872334007
0.9560686608020587,30.53277079714613
0.9561517920673178,30.55171172195826
0.9562347660232984,30.570652646770384
0.9563175829676771,30.58959357158251
0.956400243197567,30.608534496394633
0.9564827470095186,30.62747542120676
0.9565650946995217,30.646416346018885
0.956647286563006,30.66535727083101
0.9567293228948417,30.684298195643137
0.9568112039893414,30.70323912045526
0.9568929301402608,30.722180045267386
0.9569745016407994,30.74112097007951
0.9570559187836022,30.76006189489164
0.9571371818607606,30.779002819703763
0.9572182911638123,30.797943744515887
0.9572992469837447,30.816884669328015
0.9573800496109934,30.83582559414014
0.9574606993354453,30.854766518952264
0.9575411964464381,30.87370744376439
0.9576215412327623,30.892648368576516
0.9577017339826617,30.91158929338864
0.9577817749838348,30.930530218200765
0.9578616645234359,30.949471143012893
0.9579414028880755,30.968412067825017
0.9580209903638222,30.987352992637142
0.9581004272362028,31.006293917449266
0.958179713790204,31.025234842261394
0.9582588503102735,31.04417576707352
0.9583378370803203,31.063116691885643
0.9584166743837164,31.08205761669777
0.9584953625032973,31.100998541509895
0.9585739017213636,31.11993946632202
0.9586522923196819,31.138880391134144
0.958730534579485,31.157821315946272
0.9588086287814739,31.176762240758396
0.9588865752058185,31.19570316557052
0.9589643741321584,31.21464409038265
0.959042025839604,31.233585015194773
0.9591195306067375,31.252525940006898
0.9591968887116141,31.271466864819022
0.9592741004317628,31.29040778963115
0.9593511660441875,31.309348714443274
0.9594280858253673,31.3282896392554
0.9595048600512593,31.347230564067523
0.9595814889972972,31.36617148887965
0.9596579729383945,31.385112413691775
0.9597343121489438,31.4040533385039
0.9598105069028189,31.422994263316028
0.9598865574733747,31.441935188128152
0.9599624641334495,31.460876112940277
0.9600382271553654,31.4798170377524
0.9601138468109282,31.49875796256453
0.9601893233714304,31.517698887376653
0.960264657107651,31.536639812188778
0.960339848289856,31.555580737000906
0.9604148971878004,31.57452166181303
0.9604898040707287,31.593462586625154
0.9605645692073759,31.61240351143728
0.9606391928659684,31.631344436249407
0.9607136753142252,31.65028536106153
0.9607880168193588,31.669226285873656
0.9608622176480754,31.688167210685783
0.9609362780665773,31.707108135497908
0.9610101983405627,31.726049060310032
0.9610839787352269,31.744989985122157
0.9611576195152634,31.763930909934285
0.9612311209448652,31.78287183474641
0.9613044832877251,31.801812759558533
0.9613777068070367,31.820753684370658
0.9614507917654956,31.839694609182786
0.9615237384253013,31.85863553399491
0.9615965470481554,31.877576458807034
0.9616692178952657,31.896517383619162
0.961741751227345,31.915458308431287
0.961814147304613,31.93439923324341
0.9618864063867972,31.953340158055536
0.9619585287331331,31.972281082867664
0.962030514602366,31.991222007679788
0.9621023642527516,32.010162932491916
0.9621740779420566,32.02910385730404
0.9622456559275602,32.048044782116165
0.9623170984660545,32.06698570692829
0.9623884058138464,32.08592663174041
0.9624595782267568,32.10486755655254
0.9625306159601231,32.12380848136466
0.9626015192687994,32.14274940617679
0.9626722884071575,32.16169033098892
0.9627429236290876,32.18063125580104
0.9628134251880002,32.19957218061317
0.9628837933368253,32.218513105425295
0.9629540283280151,32.237454030237416
0.9630241304135436,32.256394955049544
0.9630940998449085,32.27533587986167
0.963163936873131,32.29427680467379
0.9632336417487575,32.31321772948592
0.9633032147218604,32.33215865429805
0.9633726560420388,32.35109957911017
0.9634419659584197,32.3700405039223
0.9635111447196582,32.38898142873442
0.9635801925739392,32.407922353546546
0.9636491097689781,32.426863278358674
0.9637178965520212,32.445804203170795
0.963786553169847,32.46474512798292
0.9638550798687674,32.48368605279505
0.9639234768946275,32.50262697760717
0.9639917444928082,32.5215679024193
0.9640598829082249,32.54050882723143
0.9641278923853304,32.55944975204355
0.9641957731681147,32.578390676855676
0.9642635255001057,32.597331601667804
0.9643311496243713,32.616272526479925
0.9643986457835187,32.63521345129205
0.9644660142196964,32.654154376104174
0.9645332551745942,32.6730953009163
0.9646003688894452,32.69203622572843
0.9646673556050258,32.71097715054055
0.9647342155616565,32.72991807535268
0.9648009489992034,32.748859000164806
0.9648675561570783,32.76779992497693
0.9649340372742405,32.786740849789055
0.9650003925891965,32.80568177460118
0.9650666223400018,32.824622699413304
0.9651327267642618,32.84356362422543
0.9651987060991316,32.86250454903755
0.9652645605813179,32.88144547384968
0.9653302904470795,32.90038639866181
0.965395895932228,32.91932732347393
0.9654613772721283,32.93826824828606
0.9655267347017014,32.957209173098185
0.9655919684554221,32.976150097910306
0.9656570787673224,32.995091022722434
0.9657220658709914,33.01403194753456
0.9657869299995755,33.03297287234668
0.9658516713857808,33.05191379715881
0.9659162902618728,33.07085472197094
0.9659807868596773,33.08979564678306
0.966045161410581,33.10873657159519
0.9661094141455339,33.12767749640731
0.9661735452950478,33.146618421219436
0.9662375550891992,33.165559346031564
0.9663014437576286,33.184500270843685
0.9663652115295421,33.20344119565581
0.9664288586337123,33.22238212046794
0.9664923852984789,33.24132304528006
0.966555791751749,33.26026397009219
0.966619078220999,33.27920489490432
0.9666822449332748,33.29814581971644
0.9667452921151923,33.31708674452857
0.9668082199929386,33.336027669340695
0.9668710287922734,33.354968594152815
0.9669337187385284,33.37390951896494
0.9669962900566094,33.392850443777064
0.9670587429709966,33.41179136858919
0.9671210777057448,33.43073229340132
0.9671832944844859,33.44967321821344
0.9672453935304279,33.46861414302557
0.9673073750663563,33.4875550678377
0.9673692393146355,33.50649599264982
0.9674309864972087,33.525436917461946
0.9674926168355995,33.54437784227407
0.9675541305509118,33.563318767086194
0.9676155278638319,33.58225969189832
0.9676768089946277,33.60120061671044
0.9677379741631508,33.62014154152257
0.9677990235888364,33.6390824663347
0.9678599574907047,33.65802339114682
0.9679207760873617,33.67696431595895
0.9679814795969991,33.695905240771076
0.9680420682373961,33.7148461655832
0.9681025422259198,33.733787090395325
0.968162901779526,33.75272801520745
0.9682231471147597,33.77166894001957
0.9682832784477564,33.7906098648317
0.9683432959942425,33.80955078964383
0.9684031999695363,33.82849171445595
0.9684629905885482,33.84743263926808
0.9685226680657827,33.8663735640802
0.9685822326153376,33.88531448889233
0.9686416844509061,33.904255413704455
0.968701023785777,33.923196338516576
0.968760250832835,33.9421372633287
0.9688193658045626,33.96107818814083
0.9688783689130399,33.98001911295295
0.9689372603699457,33.99896003776508
0.968996040386558,34.01790096257721
0.9690547091737557,34.03684188738933
0.9691132669420178,34.05578281220146
0.9691717139014255,34.07472373701358
0.9692300502616625,34.093664661825706
0.9692882762320155,34.112605586637834
0.9693463920213753,34.131546511449955
0.9694043978382373,34.15048743626208
0.9694622938907025,34.16942836107421
0.9695200803864781,34.18836928588633
0.9695777575328781,34.20731021069846
0.9696353255368244,34.22625113551059
0.9696927846048472,34.24519206032271
0.9697501349430857,34.264132985134836
0.9698073767572897,34.283073909946964
0.969864510252819,34.302014834759085
0.9699215356346448,34.32095575957121
0.969978453107351,34.33989668438333
0.9700352628751338,34.35883760919546
0.9700919651418034,34.37777853400759
0.9701485601107837,34.39671945881971
0.9702050479851145,34.41566038363184
0.9702614289674508,34.434601308443966
0.9703177032600644,34.45354223325609
0.9703738710648442,34.472483158068215
0.9704299325832971,34.49142408288034
0.9704858880165489,34.510365007692464
0.9705417375653442,34.52930593250459
0.9705974814300485,34.54824685731671
0.9706531198106477,34.56718778212884
0.9707086529067493,34.58612870694097
0.970764080917583,34.60506963175309
0.970819404042002,34.62401055656522
0.9708746224784823,34.642951481377345
0.9709297364251256,34.661892406189466
0.9709847460796571,34.680833331001594
0.9710396516394295,34.69977425581372
0.971094453301421,34.71871518062584
0.9711491512622373,34.73765610543797
0.9712037457181124,34.7565970302501
0.9712582368649082,34.77553795506222
0.9713126248981169,34.79447887987435
0.9713669100128601,34.81341980468647
0.9714210924038903,34.832360729498596
0.971475172265592,34.851301654310724
0.9715291497919809,34.870242579122845
0.9715830251767064,34.88918350393497
0.9716367986130511,34.9081244287471
0.9716904702939317,34.92706535355922
0.9717440404119004,34.94600627837135
0.9717975091591445,34.96494720318348
0.9718508767274878,34.9838881279956
0.971904143308391,35.002829052807726
0.9719573090929527,35.021769977619854
0.9720103742719102,35.040710902431975
0.9720633390356388,35.0596518272441
0.9721162035741547,35.078592752056224
0.9721689680771138,35.09753367686835
0.9722216327338135,35.11647460168048
0.9722741977331929,35.1354155264926
0.9723266632638333,35.15435645130473
0.9723790295139595,35.17329737611686
0.97243129667144,35.19223830092898
0.9724834649237879,35.211179225741105
0.9725355344581613,35.23012015055323
0.9725875054613641,35.249061075365354
0.9726393781198469,35.26800200017748
0.9726911526197073,35.2869429249896
0.972742829146691,35.30588384980173
0.972794407886192,35.32482477461386
0.9728458890232534,35.34376569942598
0.9728972727425684,35.36270662423811
0.9729485592284806,35.381647549050236
0.9729997486649848,35.400588473862356
0.9730508412357275,35.419529398674484
0.9731018371240078,35.43847032348661
0.973152736512778,35.45741124829873
0.973203539584644,35.47635217311086
0.973254246521866,35.49529309792299
0.9733048575063601,35.51423402273511
0.9733553727196971,35.53317494754724
0.9734057923431051,35.55211587235936
0.9734561165574689,35.57105679717149
0.9735063455433307,35.589997721983615
0.9735564794808917,35.608938646795735
0.9736065185500118,35.62787957160786
0.9736564629302102,35.64682049641999
0.9737063128006671,35.66576142123211
0.9737560683402231,35.68470234604424
0.9738057297273804,35.70364327085637
0.9738552971403038,35.72258419566849
0.9739047707568207,35.74152512048062
0.9739541507544219,35.760466045292745
0.9740034373102627,35.779406970104866
0.9740526306011627,35.79834789491699
0.9741017308036071,35.817288819729114
0.9741507380937473,35.83622974454124
0.9741996526474009,35.85517066935337
0.9742484746400538,35.87411159416549
0.9742972042468586,35.89305251897762
0.9743458416426372,35.91199344378975
0.9743943870018805,35.93093436860187
0.9744428404987492,35.949875293413996
0.9744912023070746,35.968816218226124
0.9745394726003588,35.987757143038245
0.9745876515517758,36.00669806785037
0.9746357393341716,36.02563899266249
0.9746837361200654,36.04457991747462
0.9747316420816498,36.06352084228675
0.9747794573907919,36.08246176709887
0.974827182219033,36.101402691911
0.9748748167375901,36.120343616723126
0.9749223611173564,36.13928454153525
0.9749698155289016,36.158225466347375
0.9750171801424721,36.1771663911595
0.9750644551279931,36.196107315971624
0.9751116406550674,36.21504824078375
0.9751587368929772,36.23398916559588
0.9752057440106846,36.252930090408
0.9752526621768317,36.27187101522013
0.9752994915597413,36.29081194003225
0.9753462323274182,36.30975286484438
0.9753928846475487,36.328693789656505
0.9754394486875023,36.347634714468626
0.9754859246143316,36.366575639280754
0.9755323125947728,36.38551656409288
0.9755786127952469,36.404457488905
0.9756248253818602,36.42339841371713
0.9756709505204039,36.44233933852926
0.9757169883763565,36.46128026334138
0.9757629391148823,36.48022118815351
0.9758088029008339,36.49916211296563
0.9758545798987516,36.518103037777756
0.9759002702728643,36.537043962589884
0.9759458741870903,36.555984887402005
0.9759913918050378,36.57492581221413
0.976036823290005,36.59386673702626
0.9760821688049811,36.61280766183838
0.9761274285126478,36.63174858665051
0.9761726025753776,36.65068951146264
0.9762176911552367,36.66963043627476
0.9762626944139843,36.688571361086886
0.9763076125130734,36.707512285899014
0.9763524456136516,36.726453210711135
0.9763971938765617,36.74539413552326
0.976441857462342,36.764335060335384
0.976486436531227,36.78327598514751
0.9765309312431479,36.80221690995964
0.9765753417577336,36.82115783477176
0.9766196682343103,36.84009875958389
0.9766639108319035,36.859039684396016
0.9767080697092372,36.87798060920814
0.9767521450247352,36.896921534020265
0.9767961369365216,36.91586245883239
0.9768400456024212,36.934803383644514
0.9768838711799603,36.95374430845664
0.9769276138263668,36.97268523326876
0.9769712736985715,36.99162615808089
0.9770148509532081,37.01056708289302
0.9770583457466134,37.02950800770514
0.9771017582348289,37.04844893251727
0.9771450885736007,37.067389857329395
0.9771883369183804,37.086330782141516
0.9772315034243251,37.105271706953644
0.9772745882462983,37.12421263176577
0.9773175915388707,37.14315355657789
0.9773605134563201,37.16209448139002
0.9774033541526329,37.18103540620215
0.9774461137815037,37.19997633101427
0.9774887924963366,37.2189172558264
0.9775313904502451,37.23785818063852
0.977573907796053,37.256799105450646
0.9776163446862953,37.275740030262774
0.9776587012732176,37.294680955074895
0.9777009777087782,37.31362187988702
0.9777431741446474,37.33256280469915
0.9777852907322087,37.35150372951127
0.9778273276225588,37.3704446543234
0.9778692849665087,37.38938557913553
0.9779111629145844,37.40832650394765
0.9779529616170264,37.42726742875978
0.9779946812237912,37.446208353571905
0.9780363218845518,37.465149278384025
0.9780778837486976,37.48409020319615
0.9781193669653352,37.503031128008274
0.9781607716832894,37.5219720528204
0.9782020980511035,37.54091297763253
0.9782433462170391,37.55985390244465
0.9782845163290778,37.57879482725678
0.9783256085349206,37.59773575206891
0.97836662298199,37.61667667688103
0.9784075598174283,37.635617601693156
0.9784484191881004,37.654558526505284
0.9784892012405927,37.673499451317404
0.9785299061212146,37.69244037612953
0.978570533975998,37.71138130094165
0.9786110849506992,37.73032222575378
0.9786515591907984,37.74926315056591
0.9786919568415,37.76820407537803
0.9787322780477348,37.78714500019016
0.978772522954158,37.806085925002286
0.9788126917051522,37.82502684981441
0.978852784444826,37.843967774626535
0.9788928013170158,37.86290869943866
0.9789327424652856,37.88184962425078
0.9789726080329276,37.90079054906291
0.979012398162963,37.91973147387504
0.9790521129981429,37.93867239868716
0.979091752680947,37.95761332349929
0.9791313173535865,37.97655424831141
0.9791708071580033,37.99549517312354
0.9792102222358702,38.014436097935665
0.9792495627285923,38.033377022747786
0.9792888287773073,38.052317947559914
0.979328020522885,38.07125887237204
0.9793671381059298,38.09019979718416
0.9794061816667793,38.10914072199629
0.9794451513455056,38.12808164680842
0.9794840472819157,38.14702257162054
0.9795228696155526,38.16596349643267
0.9795616184856943,38.184904421244795
0.9796002940313561,38.203845346056916
0.9796388963912898,38.222786270869044
0.9796774257039849,38.241727195681165
0.9797158821076682,38.26066812049329
0.979754265740306,38.27960904530542
0.9797925767396025,38.29854997011754
0.9798308152430022,38.31749089492967
0.9798689813876885,38.3364318197418
0.9799070753105862,38.35537274455392
0.9799450971483603,38.374313669366046
0.9799830470374179,38.393254594178174
0.980020925113907,38.412195518990295
0.9800587315137188,38.43113644380242
0.9800964663724873,38.450077368614544
0.980134129825589,38.46901829342667
0.9801717220081455,38.4879592182388
0.9802092430550217,38.50690014305092
0.9802466931008276,38.52584106786305
0.9802840722799184,38.544781992675176
0.9803213807263953,38.5637229174873
0.9803586185741058,38.582663842299425
0.9803957859566436,38.60160476711155
0.9804328830073504,38.620545691923674
0.9804699098593145,38.6394866167358
0.9805068666453736,38.65842754154793
0.9805437534981131,38.67736846636005
0.9805805705498676,38.69630939117218
0.9806173179327217,38.7152503159843
0.98065399577851,38.73419124079643
0.9806906042188172,38.753132165608555
0.9807271433849793,38.772073090420676
0.9807636134080839,38.791014015232804
0.9808000144189704,38.80995494004493
0.9808363465482307,38.82889586485705
0.9808726099262091,38.84783678966918
0.9809088046830038,38.86677771448131
0.9809449309484668,38.88571863929343
0.9809809888522044,38.90465956410556
0.9810169785235769,38.92360048891768
0.9810529000917011,38.942541413729806
0.9810887536854483,38.961482338541934
0.9811245394334465,38.980423263354055
0.9811602574640801,38.99936418816618
0.9811959079054908,39.01830511297831
0.9812314908855778,39.03724603779043
0.9812670065319977,39.05618696260256
0.9813024549721665,39.07512788741469
0.9813378363332582,39.09406881222681
0.9813731507422068,39.11300973703894
0.9814083983257057,39.131950661851064
0.9814435792102086,39.150891586663185
0.9814786935219301,39.16983251147531
0.9815137413868457,39.188773436287434
0.9815487229306931,39.20771436109956
0.9815836382789712,39.22665528591169
0.981618487556942,39.24559621072381
0.9816532708896304,39.26453713553594
0.9816879884018247,39.28347806034807
0.9817226402180769,39.30241898516019
0.9817572264627032,39.321359909972315
0.9817917472597852,39.34030083478444
0.9818262027331692,39.359241759596564
0.9818605930064672,39.37818268440869
0.981894918203057,39.39712360922081
0.9819291784460834,39.41606453403294
0.9819633738584582,39.43500545884507
0.9819975045628604,39.45394638365719
0.9820315706817367,39.47288730846932
0.9820655723373025,39.491828233281446
0.9820995096515415,39.51076915809357
0.9821333827462068,39.529710082905694
0.9821671917428212,39.54865100771782
0.9822009367626775,39.56759193252994
0.9822346179268389,39.58653285734207
0.9822682353561393,39.6054737821542
0.9823017891711842,39.62441470696632
0.9823352794923509,39.64335563177845
0.9823687064397889,39.66229655659057
0.9824020701334204,39.6812374814027
0.9824353706929404,39.700178406214825
0.9824686082378175,39.719119331026945
0.9825017828872944,39.73806025583907
0.9825348947603881,39.7570011806512
0.9825679439758904,39.77594210546332
0.9826009306523682,39.79488303027545
0.9826338549081641,39.81382395508758
0.9826667168613964,39.8327648798997
0.9826995166299607,39.85170580471183
0.9827322543315288,39.870646729523955
0.9827649300835501,39.889587654336076
0.9827975440032518,39.908528579148204
0.982830096207639,39.927469503960324
0.9828625868134958,39.94641042877245
0.9828950159373849,39.96535135358458
0.9829273836956488,39.9842922783967
0.9829596902044095,40.00323320320883
0.9829919355795695,40.02217412802096
0.9830241199368119,40.04111505283308
0.983056243391601,40.060055977645206
0.9830883060591823,40.078996902457334
0.9831203080545835,40.097937827269455
0.9831522494926146,40.11687875208158
0.9831841304878682,40.1358196768937
0.9832159511547203,40.15476060170583
0.98324771160733,40.17370152651796
0.9832794119596412,40.19264245133008
0.9833110523253811,40.21158337614221
0.9833426328180629,40.230524300954336
0.983374153550984,40.24946522576646
0.9834056146372278,40.268406150578585
0.9834370161896637,40.28734707539071
0.9834683583209477,40.306288000202834
0.9834996411435224,40.32522892501496
0.9835308647696175,40.34416984982709
0.9835620293112505,40.36311077463921
0.983593134880227,40.38205169945134
0.9836241815881409,40.40099262426346
0.983655169546375,40.41993354907559
0.9836860988661014,40.438874473887715
0.9837169696582817,40.457815398699836
0.9837477820336674,40.476756323511964
0.9837785361028007,40.49569724832409
0.9838092319760147,40.51463817313621
0.9838398697634331,40.53357909794834
0.9838704495749719,40.55252002276047
0.9839009715203388,40.57146094757259
0.9839314357090342,40.59040187238472
0.9839618422503507,40.609342797196845
0.9839921912533743,40.628283722008966
0.9840224828269851,40.647224646821094
0.9840527170798566,40.666165571633215
0.984082894120457,40.68510649644534
0.9841130140570488,40.70404742125747
0.98414307699769,40.72298834606959
0.984173083050234,40.74192927088172
0.9842030323223302,40.76087019569385
0.9842329249214243,40.77981112050597
0.9842627609547583,40.798752045318096
0.9842925405293719,40.817692970130224
0.984322263752102,40.836633894942345
0.9843519307295828,40.85557481975447
0.9843815415682476,40.874515744566594
0.9844110963743278,40.89345666937872
0.9844405952538536,40.91239759419085
0.9844700383126551,40.93133851900297
0.9844994256563617,40.9502794438151
0.9845287573904029,40.96922036862723
0.9845580336200092,40.98816129343935
0.9845872544502114,41.007102218251475
0.984616419985842,41.0260431430636
0.9846455303315347,41.044984067875724
0.9846745855917256,41.06392499268785
0.9847035858706527,41.08286591749998
0.9847325312723572,41.1018068423121
0.9847614219006834,41.12074776712423
0.9847902578592788,41.13968869193635
0.9848190392515949,41.15862961674848
0.9848477661808874,41.177570541560605
0.9848764387502169,41.196511466372726
0.9849050570624486,41.215452391184854
0.9849336212202532,41.23439331599698
0.9849621313261071,41.2533342408091
0.984990587482293,41.27227516562123
0.9850189897908992,41.29121609043336
0.9850473383538223,41.31015701524548
0.9850756332727647,41.32909794005761
0.9851038746492372,41.34803886486973
0.9851320625845581,41.36697978968186
0.9851601971798541,41.385920714493984
0.9851882785360605,41.404861639306105
0.9852163067539216,41.42380256411823
0.985244281933991,41.44274348893036
0.9852722041766322,41.46168441374248
0.9853000735820188,41.48062533855461
0.9853278902501343,41.49956626336674
0.9853556542807741,41.51850718817886
0.9853833657735436,41.53744811299099
0.9854110248278602,41.556389037803115
0.9854386315429534,41.575329962615236
0.9854661860178646,41.59427088742736
0.9854936883514479,41.613211812239484
0.9855211386423702,41.63215273705161
0.985548536989112,41.65109366186374
0.9855758834899673,41.67003458667586
0.9856031782430438,41.68897551148799
0.985630421346264,41.70791643630012
0.9856576128973649,41.72685736111224
0.9856847529938986,41.745798285924366
0.9857118417332325,41.764739210736494
0.9857388792125497,41.783680135548614
0.9857658655288497,41.80262106036074
0.9857928007789482,41.82156198517286
0.9858196850594779,41.84050290998499
0.9858465184668883,41.85944383479712
0.9858733010974468,41.87838475960924
0.9859000330472382,41.89732568442137
0.9859267144121657,41.916266609233496
0.9859533452879513,41.93520753404562
0.9859799257701354,41.954148458857745
0.9860064559540778,41.97308938366987
0.9860329359349579,41.99203030848199
0.986059365807775,42.01097123329412
0.9860857456673485,42.02991215810625
0.9861120756083185,42.04885308291837
0.986138355725146,42.0677940077305
0.9861645861121131,42.08673493254262
0.9861907668633237,42.10567585735475
0.9862168980727034,42.124616782166875
0.9862429798340004,42.143557706978996
0.9862690122407852,42.162498631791124
0.9862949953864513,42.18143955660325
0.9863209293642154,42.20038048141537
0.9863468142671185,42.2193214062275
0.9863726501880239,42.23826233103963
0.986398437219621,42.25720325585175
0.9864241754544228,42.27614418066388
0.9864498649847677,42.295085105476005
0.9864755059028188,42.314026030288126
0.9865010983005654,42.332966955100254
0.9865266422698222,42.351907879912375
0.9865521379022307,42.3708488047245
0.9865775852892587,42.38978972953663
0.9866029845222005,42.40873065434875
0.9866283356921787,42.42767157916088
0.9866536388901425,42.44661250397301
0.9866788942068692,42.46555342878513
0.9867041017329644,42.484494353597256
0.9867292615588626,42.503435278409384
0.9867543737748271,42.522376203221505
0.9867794384709497,42.54131712803363
0.9868044557371523,42.560258052845754
0.9868294256631864,42.57919897765788
0.9868543483386342,42.59813990247001
0.9868792238529077,42.61708082728213
0.9869040522952499,42.63602175209426
0.9869288337547352,42.654962676906386
0.9869535683202691,42.67390360171851
0.9869782560805893,42.692844526530635
0.987002897124265,42.71178545134276
0.9870274915396982,42.730726376154884
0.9870520394151235,42.74966730096701
0.9870765408386085,42.76860822577914
0.9871009958980541,42.78754915059126
0.9871254046811953,42.80649007540339
0.9871497672756006,42.82543100021551
0.9871740837686729,42.84437192502764
0.9871983542476496,42.863312849839765
0.9872225787996034,42.882253774651886
0.9872467575114419,42.901194699464014
0.9872708904699082,42.92013562427614
0.9872949777615816,42.93907654908826
0.9873190194728774,42.95801747390039
0.9873430156900471,42.97695839871252
0.9873669664991794,42.99589932352464
0.9873908719861999,43.01484024833677
0.9874147322368717,43.033781173148896
0.9874385473367954,43.052722097961016
0.9874623173714098,43.071663022773144
0.9874860424259919,43.090603947585265
0.9875097225856575,43.10954487239739
0.9875333579353612,43.12848579720952
0.9875569485598971,43.14742672202164
0.9875804945438982,43.16636764683377
0.9876039959718381,43.1853085716459
0.9876274529280301,43.20424949645802
0.9876508654966282,43.22319042127015
0.987674233761627,43.242131346082274
0.987697557806862,43.261072270894395
0.9877208377160103,43.28001319570652
0.9877440735725909,43.298954120518644
0.9877672654599642,43.31789504533077
0.9877904134613332,43.3368359701429
0.9878135176597435,43.35577689495502
0.9878365781380831,43.37471781976715
0.9878595949790839,43.39365874457928
0.9878825682653206,43.4125996693914
0.9879054980792118,43.431540594203526
0.9879283845030202,43.45048151901565
0.987951227618853,43.469422443827774
0.9879740275086619,43.4883633686399
0.9879967842542433,43.50730429345203
0.9880194979372392,43.52624521826415
0.9880421686391369,43.54518614307628
0.9880647964412694,43.5641270678884
0.9880873814248162,43.58306799270053
0.9881099236708024,43.602008917512656
0.9881324232601008,43.62094984232478
0.9881548802734302,43.639890767136905
0.9881772947913574,43.65883169194903
0.9881996668942965,43.67777261676115
0.9882219966625092,43.69671354157328
0.9882442841761057,43.71565446638541
0.988266529515044,43.73459539119753
0.9882887327591313,43.75353631600966
0.9883108939880241,43.77247724082178
0.9883330132812274,43.79141816563391
0.9883550907180961,43.810359090446035
0.9883771263778349,43.829300015258156
0.988399120339499,43.84824094007028
0.9884210726819932,43.86718186488241
0.9884429834840736,43.88612278969453
0.9884648528243472,43.90506371450666
0.988486680781272,43.92400463931879
0.988508467433158,43.94294556413091
0.9885302128581663,43.96188648894304
0.9885519171343111,43.980827413755165
0.9885735803394579,43.999768338567286
0.9885952025513257,44.018709263379414
0.9886167838474856,44.037650188191535
0.988638324305363,44.05659111300366
0.9886598240022356,44.07553203781579
0.9886812830152357,44.09447296262791
0.9887027014213493,44.11341388744004
0.9887240792974169,44.13235481225217
0.9887454167201335,44.15129573706429
0.9887667137660487,44.170236661876416
0.9887879705115681,44.189177586688544
0.9888091870329516,44.208118511500665
0.9888303634063156,44.22705943631279
0.988851499707632,44.24600036112491
0.9888725960127293,44.26494128593704
0.9888936523972921,44.28388221074917
0.9889146689368622,44.30282313556129
0.9889356457068383,44.32176406037342
0.9889565827824763,44.340704985185546
0.98897748023889,44.35964590999767
0.9889983381510508,44.378586834809795
0.989019156593788,44.39752775962192
0.9890399356417898,44.416468684434044
0.989060675369603,44.43540960924617
0.9890813758516328,44.4543505340583
0.9891020371621442,44.47329145887042
0.9891226593752613,44.49223238368255
0.9891432425649683,44.51117330849467
0.9891637868051093,44.5301142333068
0.9891842921693882,44.549055158118925
0.9892047587313699,44.567996082931046
0.9892251865644802,44.586937007743174
0.9892455757420056,44.6058779325553
0.9892659263370939,44.62481885736742
0.9892862384227549,44.64375978217955
0.9893065120718597,44.66270070699168
0.989326747357142,44.6816416318038
0.9893469443511977,44.70058255661593
0.9893671031264852,44.719523481428055
0.9893872237553258,44.738464406240176
0.9894073063099038,44.757405331052304
0.9894273508622677,44.776346255864425
0.9894473574843287,44.79528718067655
0.9894673262478624,44.81422810548868
0.9894872572245084,44.8331690303008
0.9895071504857711,44.85210995511293
0.9895270061030188,44.87105087992506
0.9895468241474856,44.88999180473718
0.9895666046902704,44.908932729549306
0.9895863478023377,44.927873654361434
0.9896060535545176,44.946814579173555
0.9896257220175063,44.96575550398568
0.989645353261866,44.984696428797804
0.9896649473580255,45.00363735360993
0.9896845043762801,45.02257827842206
0.9897040243867928,45.04151920323418
0.9897235074595931,45.06046012804631
0.9897429536645784,45.07940105285844
0.9897623630715134,45.09834197767056
0.9897817357500313,45.117282902482685
0.9898010717696327,45.13622382729481
0.9898203711996881,45.155164752106934
0.9898396341094353,45.17410567691906
0.989858860567982,45.19304660173119
0.9898780506443045,45.21198752654331
0.989897204407249,45.23092845135544
0.9899163219255314,45.24986937616756
0.9899354032677371,45.26881030097969
0.9899544485023228,45.287751225791816
0.9899734576976144,45.306692150603936
0.9899924309218091,45.325633075416064
0.9900113682429751,45.34457400022819
0.9900302697290516,45.36351492504031
0.9900491354478497,45.38245584985244
0.9900679654670512,45.40139677466457
0.9900867598542109,45.42033769947669
0.9901055186767551,45.43927862428882
0.990124242001983,45.458219549100946
0.9901429298970656,45.47716047391307
0.9901615824290477,45.496101398725195
0.9901801996648469,45.515042323537315
0.9901987816712542,45.53398324834944
0.9902173285149342,45.55292417316157
0.9902358402624252,45.57186509797369
0.9902543169801395,45.59080602278582
0.9902727587343646,45.60974694759795
0.9902911655912612,45.62868787241007
0.9903095376168659,45.6476287972222
0.99032787487709,45.666569722034325
0.9903461774377198,45.685510646846446
0.9903644453644174,45.70445157165857
0.9903826787227205,45.723392496470694
0.9904008775780432,45.74233342128282
0.990419041995675,45.76127434609495
0.9904371720407826,45.78021527090707
0.9904552677784092,45.7991561957192
0.9904733292734749,45.81809712053133
0.9904913565907766,45.83703804534345
0.990509349794989,45.855978970155576
0.9905273089506641,45.874919894967704
0.9905452341222325,45.893860819779825
0.9905631253740018,45.91280174459195
0.9905809827701587,45.93174266940408
0.9905988063747679,45.9506835942162
0.9906165962517735,45.96962451902833
0.9906343524649981,45.98856544384045
0.9906520750781433,46.00750636865258
0.990669764154791,46.026447293464706
0.990687419758402,46.04538821827683
0.9907050419523176,46.064329143088955
0.9907226307997586,46.08327006790108
0.990740186363827,46.1022109927132
0.9907577087075047,46.12115191752533
0.9907751978936546,46.14009284233746
0.9907926539850206,46.15903376714958
0.990810077044228,46.17797469196171
0.9908274671337838,46.19691561677383
0.990844824316076,46.21585654158596
0.9908621486533754,46.234797466398085
0.9908794402078344,46.253738391210206
0.9908966990414879,46.272679316022334
0.990913925216254,46.29162024083446
0.9909311187939324,46.31056116564658
0.9909482798362068,46.32950209045871
0.9909654084046441,46.34844301527084
0.9909825045606943,46.36738394008296
0.9909995683656916,46.38632486489509
0.9910165998808538,46.405265789707215
0.991033599167283,46.424206714519336
0.9910505662859652,46.443147639331464
0.9910675012977721,46.462088564143585
0.9910844042634592,46.48102948895571
0.9911012752436672,46.49997041376784
0.9911181142989226,46.51891133857996
0.9911349214896366,46.53785226339209
0.9911516968761066,46.55679318820422
0.9911684405185159,46.57573411301634
0.9911851524769337,46.594675037828466
0.9912018328113157,46.613615962640594
0.9912184815815037,46.632556887452715
0.9912350988472269,46.65149781226484
0.9912516846681014,46.670438737076964
0.9912682391036297,46.68937966188909
0.991284762213203,46.70832058670122
0.9913012540560989,46.72726151151334
0.9913177146914833,46.74620243632547
0.9913341441784104,46.765143361137596
0.9913505425758222,46.78408428594972
0.9913669099425498,46.803025210761845
0.9913832463373121,46.82196613557397
0.9913995518187178,46.840907060386094
0.9914158264452637,46.85984798519822
0.9914320702753369,46.87878891001035
0.9914482833672132,46.89772983482247
0.9914644657790588,46.9166707596346
0.9914806175689291,46.93561168444672
0.9914967387947707,46.95455260925885
0.9915128295144193,46.973493534070975
0.991528889785602,46.992434458883096
0.9915449196659365,47.011375383695224
0.9915609192129314,47.03031630850735
0.9915768884839864,47.04925723331947
0.9915928275363927,47.0681981581316
0.9916087364273329,47.08713908294373
0.9916246152138816,47.10608000775585
0.9916404639530053,47.12502093256798
0.9916562827015629,47.143961857380106
0.9916720715163054,47.162902782192226
0.9916878304538767,47.181843707004354
0.9917035595708131,47.200784631816475
0.9917192589235446,47.2197255566286
0.9917349285683937,47.23866648144073
0.9917505685615766,47.25760740625285
0.9917661789592033,47.27654833106498
0.9917817598172773,47.29548925587711
0.9917973111916966,47.31443018068923
0.9918128331382525,47.33337110550136
0.991828325712632,47.352312030313485
0.9918437889704155,47.371252955125605
0.9918592229670793,47.39019387993773
0.9918746277579941,47.409134804749854
0.9918900033984257,47.42807572956198
0.9919053499435356,47.44701665437411
0.9919206674483811,47.46595757918623
0.9919359559679148,47.48489850399836
0.9919512155569858,47.50383942881049
0.9919664462703391,47.52278035362261
0.9919816481626162,47.541721278434736
0.9919968212883554,47.560662203246864
0.9920119657019915,47.579603128058984
0.9920270814578565,47.59854405287111
0.9920421686101792,47.61748497768324
0.9920572272130862,47.63642590249536
0.9920722573206019,47.65536682730749
0.9920872589866476,47.67430775211961
0.9921022322650436,47.69324867693174
0.9921171772095075,47.712189601743866
0.9921320938736556,47.73113052655599
0.9921469823110028,47.750071451368115
0.9921618425749628,47.76901237618024
0.9921766747188479,47.78795330099236
0.9921914787958699,47.80689422580449
0.9922062548591395,47.82583515061662
0.9922210029616673,47.84477607542874
0.9922357231563633,47.86371700024087
0.9922504154960377,47.882657925052996
0.9922650800334002,47.90159884986512
0.9922797168210614,47.920539774677245
0.9922943259115319,47.939480699489366
0.992308907357223,47.958421624301494
0.9923234612104472,47.97736254911362
0.9923379875234174,47.99630347392574
0.9923524863482484,48.01524439873787
0.9923669577369555,48.03418532355
0.9923814017414565,48.05312624836212
0.9923958184135705,48.07206717317425
0.9924102078050182,48.091008097986375
0.9924245699674232,48.109949022798496
0.9924389049523108,48.128889947610624
0.9924532128111091,48.147830872422745
0.992467493595149,48.16677179723487
0.9924817473556635,48.185712722047
0.9924959741437898,48.20465364685912
0.9925101740105673,48.22359457167125
0.9925243470069396,48.24253549648338
0.9925384931837533,48.2614764212955
0.992552612591759,48.280417346107626
0.9925667052816116,48.299358270919754
0.9925807713038699,48.318299195731875
0.9925948107089967,48.337240120544
0.9926088235473598,48.35618104535613
0.9926228098692312,48.37512197016825
0.9926367697247883,48.39406289498038
0.9926507031641132,48.4130038197925
0.9926646102371935,48.43194474460463
0.9926784909939218,48.450885669416756
0.9926923454840968,48.46982659422888
0.9927061737574224,48.488767519041005
0.992719975863509,48.50770844385313
0.9927337518518727,48.526649368665254
0.992747501771936,48.54559029347738
0.9927612256730282,48.56453121828951
0.9927749236043846,48.58347214310163
0.9927885956151481,48.60241306791376
0.9928022417543682,48.62135399272588
0.9928158620710014,48.64029491753801
0.9928294566139119,48.659235842350135
0.9928430254318712,48.678176767162256
0.9928565685735588,48.697117691974384
0.9928700860875617,48.71605861678651
0.9928835780223754,48.73499954159863
0.9928970444264033,48.75394046641076
0.9929104853479571,48.77288139122289
0.9929239008352576,48.79182231603501
0.9929372909364341,48.81076324084714
0.9929506556995245,48.829704165659265
0.992963995172476,48.848645090471386
0.9929773094031452,48.867586015283514
0.992990598439298,48.886526940095635
0.9930038623286103,48.90546786490776
0.993017101118667,48.92440878971989
0.9930303148569636,48.94334971453201
0.9930435035909059,48.96229063934414
0.9930566673678091,48.98123156415627
0.9930698062348996,49.00017248896839
0.9930829202393143,49.01911341378052
0.9930960094281011,49.038054338592644
0.993109073848218,49.056995263404765
0.9931221135465352,49.07593618821689
0.9931351285698337,49.094877113029014
0.9931481189648057,49.11381803784114
0.9931610847780556,49.13275896265327
0.9931740260560998,49.15169988746539
0.9931869428453659,49.17064081227752
0.9931998351921939,49.18958173708965
0.9932127031428363,49.20852266190177
0.9932255467434579,49.227463586713895
0.9932383660401364,49.24640451152602
0.9932511610788621,49.265345436338144
0.9932639319055383,49.28428636115027
0.9932766785659816,49.3032272859624
0.9932894011059215,49.32216821077452
0.9933020995710012,49.34110913558665
0.993314774006778,49.36005006039877
0.9933274244587221,49.3789909852109
0.9933400509722186,49.397931910023026
0.9933526535925654,49.41687283483515
0.9933652323649764,49.435813759647274
0.9933777873345783,49.4547546844594
0.9933903185464136,49.47369560927152
0.9934028260454388,49.49263653408365
0.9934153098765262,49.51157745889578
0.9934277700844621,49.5305183837079
0.9934402067139488,49.54945930852003
0.993452619809604,49.568400233332156
0.9934650094159602,49.58734115814428
0.9934773755774666,49.606282082956405
0.993489718338488,49.625223007768525
0.9935020377433046,49.64416393258065
0.9935143338361139,49.66310485739278
0.993526606661029,49.6820457822049
0.9935388562620795,49.70098670701703
0.9935510826832122,49.71992763182916
0.9935632859682905,49.73886855664128
0.9935754661610946,49.75780948145341
0.9935876233053221,49.776750406265535
0.9935997574445876,49.795691331077656
0.9936118686224239,49.814632255889784
0.9936239568822803,49.833573180701904
0.9936360222675249,49.85251410551403
0.9936480648214431,49.87145503032616
0.9936600845872388,49.89039595513828
0.9936720816080336,49.90933687995041
0.9936840559268681,49.92827780476254
0.9936960075867013,49.94721872957466
0.9937079366304108,49.966159654386786
0.993719843100793,49.985100579198914
0.9937317270405635,50.004041504011035
0.9937435884923568,50.02298242882316
0.9937554274987269,50.04192335363529
0.9937672441021475,50.06086427844741
0.9937790383450117,50.07980520325954
0.9937908102696321,50.09874612807166
0.9938025599182418,50.11768705288379
0.9938142873329934,50.136627977695916
0.9938259925559603,50.15556890250804
0.9938376756291358,50.174509827320165
0.9938493365944342,50.19345075213229
0.9938609754936898,50.212391676944414
0.9938725923686587,50.23133260175654
0.9938841872610169,50.25027352656867
0.9938957602123626,50.26921445138079
0.9939073112642145,50.28815537619292
0.993918840458013,50.307096301005046
0.9939303478351201,50.32603722581717
0.9939418334368199,50.344978150629295
0.9939532973043174,50.363919075441416
0.9939647394787404,50.382860000253544
0.993976160001139,50.40180092506567
0.993987558912485,50.42074184987779
0.9939989362536732,50.43968277468992
0.9940102920655207,50.45862369950205
0.9940216263887673,50.47756462431417
0.9940329392640761,50.4965055491263
0.9940442307320332,50.515446473938425
0.9940555008331474,50.534387398750546
0.9940667496078515,50.553328323562674
0.9940779770965009,50.572269248374795
0.9940891833393759,50.59121017318692
0.9941003683766793,50.61015109799905
0.9941115322485385,50.62909202281117
0.9941226749950053,50.6480329476233
0.9941337966560548,50.66697387243543
0.9941448972715872,50.68591479724755
0.9941559768814268,50.704855722059676
0.9941670355253225,50.723796646871804
0.9941780732429484,50.742737571683925
0.9941890900739033,50.76167849649605
0.994200086057711,50.78061942130818
0.9942110612338205,50.7995603461203
0.9942220156416063,50.81850127093243
0.9942329493203683,50.83744219574455
0.9942438623093318,50.85638312055668
0.9942547546476482,50.87532404536881
0.994265626374395,50.89426497018093
0.994276477528575,50.913205894993055
0.9942873081491178,50.93214681980518
0.9942981182748796,50.951087744617304
0.9943089079446421,50.97002866942943
0.9943196771971146,50.98896959424156
0.9943304260709325,51.00791051905368
0.9943411546046582,51.02685144386581
0.9943518628367818,51.04579236867793
0.9943625508057193,51.06473329349006
0.9943732185498155,51.083674218302185
0.9943838661073413,51.102615143114306
0.9943944935164961,51.121556067926434
0.9944051008154063,51.14049699273856
0.9944156880421268,51.15943791755068
0.9944262552346399,51.17837884236281
0.9944368024308566,51.19731976717494
0.9944473296686158,51.21626069198706
0.9944578369856848,51.23520161679919
0.9944683244197596,51.254142541611316
0.9944787920084648,51.27308346642344
0.9944892397893539,51.292024391235564
0.994499667799909,51.310965316047685
0.9945100760775416,51.32990624085981
0.9945204646595922,51.34884716567194
0.994530833583331,51.36778809048406
0.9945411828859574,51.38672901529619
0.9945515126046003,51.40566994010832
0.9945618227763183,51.42461086492044
0.9945721134381003,51.44355178973257
0.9945823846268649,51.462492714544695
0.9945926363794607,51.481433639356815
0.994602868732667,51.50037456416894
0.9946130817231932,51.519315488981064
0.994623275387679,51.53825641379319
0.9946334497626956,51.55719733860532
0.9946436048847441,51.57613826341744
0.9946537407902571,51.59507918822957
0.9946638575155978,51.6140201130417
0.9946739550970609,51.63296103785382
0.9946840335708725,51.651901962665946
0.9946940929731901,51.670842887478074
0.9947041333401023,51.689783812290194
0.9947141547076301,51.70872473710232
0.9947241571117259,51.72766566191445
0.994734140588274,51.74660658672657
0.9947441051730914,51.7655475115387
0.9947540509019267,51.78448843635082
0.9947639778104612,51.80342936116295
0.9947738859343084,51.822370285975076
0.9947837753090146,51.8413112107872
0.9947936459700591,51.860252135599325
0.9948034979528534,51.87919306041145
0.9948133312927423,51.89813398522357
0.9948231460250039,51.9170749100357
0.9948329421848493,51.93601583484783
0.9948427198074233,51.95495675965995
0.994852478927804,51.97389768447208
0.9948622195810027,51.992838609284206
0.9948719418019653,52.01177953409633
0.9948816456255709,52.030720458908455
0.9948913310866326,52.049661383720576
0.9949009982198983,52.068602308532704
0.9949106470600494,52.08754323334483
0.9949202776417021,52.10648415815695
0.9949298899994069,52.12542508296908
0.9949394841676489,52.14436600778121
0.9949490601808482,52.16330693259333
0.9949586180733591,52.18224785740546
0.994968157879472,52.201188782217585
0.9949776796334114,52.220129707029706
0.9949871833693376,52.239070631841834
0.9949966691213459,52.258011556653955
0.9950061369234673,52.27695248146608
0.9950155868096686,52.29589340627821
0.9950250188138519,52.31483433109033
0.9950344329698554,52.33377525590246
0.9950438293114532,52.35271618071459
0.9950532078723554,52.37165710552671
0.9950625686862085,52.390598030338836
0.9950719117865954,52.409538955150964
0.9950812372070351,52.428479879963085
0.9950905449809833,52.44742080477521
0.9950998351418325,52.46636172958734
0.9951091077229121,52.48530265439946
0.9951183627574879,52.50424357921159
0.9951276002787637,52.52318450402371
0.9951368203198796,52.54212542883584
0.9951460229139135,52.561066353647966
0.9951552080938803,52.58000727846009
0.9951643758927328,52.598948203272215
0.995173526343361,52.61788912808434
0.9951826594785931,52.636830052896464
0.9951917753311951,52.65577097770859
0.9952008739338707,52.67471190252072
0.9952099553192623,52.69365282733284
0.9952190195199501,52.71259375214497
0.9952280665684523,52.7315346769571
0.9952370964972262,52.75047560176922
0.9952461093386678,52.769416526581345
0.995255105125111,52.788357451393466
0.995264083888829,52.807298376205594
0.9952730456620341,52.82623930101772
0.9952819904768774,52.84518022582984
0.995290918365449,52.86412115064197
0.9952998293597789,52.8830620754541
0.9953087234918357,52.90200300026622
0.9953176007935282,52.92094392507835
0.9953264612967042,52.939884849890475
0.9953353050331516,52.958825774702596
0.9953441320345983,52.977766699514724
0.9953529423327114,52.996707624326845
0.9953617359590993,53.01564854913897
0.9953705129453096,53.0345894739511
0.9953792733228303,53.05353039876322
0.9953880171230902,53.07247132357535
0.9953967443774585,53.09141224838748
0.9954054551172449,53.1103531731996
0.9954141493737,53.12929409801173
0.995422827178015,53.148235022823854
0.9954314885613226,53.167175947635975
0.9954401335546962,53.1861168724481
0.9954487621891503,53.20505779726023
0.9954573744956411,53.22399872207235
0.9954659705050658,53.24293964688448
0.9954745502482635,53.2618805716966
0.9954831137560145,53.28082149650873
0.9954916610590413,53.29976242132086
0.9955001921880083,53.31870334613298
0.9955087071735214,53.337644270945106
0.995517206046129,53.35658519575723
0.9955256888363215,53.375526120569354
0.9955341555745316,53.39446704538148
0.9955426062911346,53.41340797019361
0.9955510410164479,53.43234889500573
0.9955594597807321,53.45128981981786
0.9955678626141902,53.47023074462998
0.9955762495469681,53.48917166944211
0.9955846206091545,53.508112594254236
0.9955929758307815,53.52705351906636
0.995601315241824,53.545994443878485
0.9956096388722007,53.56493536869061
0.9956179467517731,53.58387629350273
0.9956262389103463,53.60281721831486
0.9956345153776693,53.62175814312699
0.9956427761834348,53.64069906793911
0.9956510213572791,53.65963999275124
0.9956592509287825,53.678580917563366
0.9956674649274689,53.69752184237549
0.9956756633828072,53.716462767187615
0.99568384632421,53.735403691999736
0.9956920137810341,53.75434461681186
0.9957001657825812,53.77328554162399
0.9957083023580973,53.79222646643611
0.9957164235367729,53.81116739124824
0.9957245293477437,53.83010831606037
0.9957326198200896,53.84904924087249
0.9957406949828366,53.86799016568462
0.9957487548649544,53.886931090496745
0.9957567994953586,53.905872015308866
0.9957648289029101,53.924812940120994
0.9957728431164151,53.943753864933115
0.9957808421646255,53.96269478974524
0.9957888260762383,53.98163571455737
0.9957967948798966,54.00057663936949
0.9958047486041891,54.01951756418162
0.9958126872776507,54.03845848899375
0.9958206109287617,54.05739941380587
0.9958285195859493,54.076340338617996
0.9958364132775863,54.095281263430124
0.9958442920319921,54.114222188242245
0.9958521558774325,54.13316311305437
0.9958600048421192,54.1521040378665
0.9958678389542116,54.17104496267862
0.9958756582418153,54.18998588749075
0.9958834627329823,54.20892681230287
0.9958912524557121,54.227867737115
0.995899027437951,54.246808661927126
0.9959067877075924,54.26574958673925
0.995914533292477,54.284690511551375
0.9959222642203925,54.3036314363635
0.995929980519075,54.322572361175624
0.9959376822162065,54.34151328598775
0.995945369339418,54.36045421079988
0.9959530419162875,54.379395135612
0.9959606999743414,54.39833606042413
0.9959683435410533,54.417276985236256
0.9959759726438453,54.43621791004838
0.9959835873100875,54.455158834860505
0.9959911875670981,54.474099759672626
0.9959987734421439,54.493040684484754
0.9960063449624396,54.51198160929688
0.9960139021551486,54.530922534109
0.9960214450473833,54.54986345892113
0.9960289736662046,54.56880438373326
0.9960364880386214,54.58774530854538
0.996043988191593,54.60668623335751
0.9960514741520263,54.625627158169635
0.9960589459467782,54.644568082981756
0.996066403602654,54.663509007793884
0.996073847146409,54.682449932606005
0.9960812766047475,54.70139085741813
0.9960886920043235,54.72033178223026
0.99609609337174,54.73927270704238
0.9961034807335504,54.75821363185451
0.9961108541162572,54.77715455666664
0.9961182135463134,54.79609548147876
0.9961255590501212,54.815036406290886
0.9961328906540337,54.833977331103014
0.9961402083843534,54.852918255915135
0.9961475122673332,54.87185918072726
0.9961548023291767,54.89080010553939
0.9961620785960376,54.90974103035151
0.9961693410940197,54.92868195516364
0.9961765898491786,54.94762287997576
0.996183824887519,54.96656380478789
0.996191046234998,54.98550472960002
0.9961982539175223,55.00444565441214
0.9962054479609501,55.023386579224265
0.996212628391091,55.04232750403639
0.9962197952337052,55.061268428848514
0.9962269485145046,55.08020935366064
0.9962340882591518,55.09915027847277
0.9962412144932614,55.11809120328489
0.9962483272423996,55.13703212809702
0.9962554265320839,55.15597305290915
0.9962625123877836,55.17491397772127
0.9962695848349199,55.193854902533396
0.9962766438988656,55.212795827345516
0.9962836896049458,55.231736752157644
0.996290721978438,55.25067767696977
0.9962977410445709,55.26961860178189
0.9963047468285262,55.28855952659402
0.9963117393554379,55.30750045140615
0.996318718650392,55.32644137621827
0.9963256847384276,55.3453823010304
0.9963326376445362,55.364323225842526
0.9963395773936617,55.38326415065465
0.9963465040107012,55.402205075466775
0.9963534175205045,55.421146000278895
0.9963603179478745,55.44008692509102
0.996367205317567,55.45902784990315
0.996374079654291,55.47796877471527
0.9963809409827088,55.4969096995274
0.9963877893274362,55.51585062433953
0.9963946247130422,55.53479154915165
0.9964014471640492,55.55373247396378
0.9964082567049334,55.572673398775905
0.9964150533601246,55.591614323588026
0.9964218371540062,55.61055524840015
0.996428608110916,55.62949617321228
0.9964353662551453,55.6484370980244
0.9964421116109394,55.66737802283653
0.996448844202498,55.68631894764865
0.9964555640539747,55.70525987246078
0.9964622711894777,55.72420079727291
0.9964689656330695,55.74314172208503
0.9964756474087668,55.762082646897156
0.9964823165405412,55.781023571709284
0.9964889730523188,55.799964496521405
0.9964956169679803,55.81890542133353
0.9965022483113614,55.83784634614566
0.9965088671062526,55.85678727095778
0.9965154733763996,55.87572819576991
0.9965220671455025,55.89466912058203
0.9965286484372174,55.91361004539416
0.9965352172751553,55.932550970206286
0.9965417736828821,55.95149189501841
0.9965483176839197,55.970432819830535
0.9965548493017458,55.98937374464266
0.9965613685597922,56.00831466945478
0.9965678754814479,56.02725559426691
0.996574370090057,56.04619651907904
0.9965808524089194,56.06513744389116
0.9965873224612909,56.08407836870329
0.9965937802703834,56.103019293515416
0.996600225859365,56.12196021832754
0.9966066592513596,56.140901143139665
0.9966130804694477,56.159842067951786
0.9966194895366661,56.178782992763914
0.9966258864760078,56.19772391757604
0.9966322713104223,56.21666484238816
0.9966386440628158,56.23560576720029
0.996645004756051,56.25454669201242
0.9966513534129477,56.27348761682454
0.996657690056282,56.29242854163667
0.9966640147087872,56.311369466448795
0.9966703273931535,56.330310391260916
0.9966766281320286,56.349251316073044
0.9966829169480165,56.368192240885165
0.9966891938636789,56.38713316569729
0.9966954589015352,56.40607409050942
0.9967017120840613,56.42501501532154
0.9967079534336913,56.44395594013367
0.9967141829728167,56.4628968649458
0.9967204007237862,56.48183778975792
0.9967266067089066,56.500778714570046
0.9967328009504424,56.519719639382174
0.9967389834706162,56.538660564194295
0.996745154291608,56.55760148900642
0.9967513134355566,56.57654241381855
0.9967574609245581,56.59548333863067
0.9967635967806673,56.6144242634428
0.9967697210258971,56.63336518825492
0.9967758336822184,56.65230611306705
0.9967819347715616,56.671247037879176
0.9967880243158145,56.6901879626913
0.9967941023368239,56.709128887503425
0.9968001688563952,56.72806981231555
0.9968062238962926,56.747010737127674
0.9968122674782391,56.7659516619398
0.9968182996239167,56.78489258675193
0.996824320354966,56.80383351156405
0.996830329692987,56.82277443637618
0.9968363276595388,56.84171536118831
0.9968423142761396,56.86065628600043
0.9968482895642667,56.879597210812555
0.9968542535453573,56.898538135624676
0.9968602062408075,56.917479060436804
0.9968661476719732,56.93641998524893
0.9968720778601698,56.95536091006105
0.9968779968266723,56.97430183487318
0.9968839045927157,56.99324275968531
0.9968898011794944,57.01218368449743
0.996895686608163,57.03112460930956
0.996901560899836,57.050065534121686
0.9969074240755879,57.069006458933806
0.9969132761564534,57.087947383745934
0.9969191171634274,57.106888308558055
0.9969249471174648,57.12582923337018
0.9969307660394813,57.14477015818231
0.9969365739503527,57.16371108299443
0.9969423708709154,57.18265200780656
0.9969481568219664,57.20159293261869
0.9969539318242632,57.22053385743081
0.9969596958985243,57.23947478224294
0.9969654490654285,57.258415707055065
0.9969711913456162,57.277356631867185
0.9969769227596881,57.29629755667931
0.9969826433282062,57.31523848149144
0.9969883530716934,57.33417940630356
0.9969940520106342,57.35312033111569
0.9969997401654737,57.37206125592781
0.997005417556619,57.39100218073994
0.997011084204438,57.40994310555207
0.9970167401292601,57.42888403036419
0.997022385351377,57.447824955176316
0.997028019891041,57.46676587998844
0.9970336437684664,57.485706804800564
0.9970392570038298,57.50464772961269
0.9970448596172689,57.52358865442482
0.9970504516288835,57.54252957923694
0.9970560330587356,57.56147050404907
0.9970616039268488,57.5804114288612
0.9970671642532096,57.59935235367332
0.9970727140577658,57.618293278485446
0.9970782533604277,57.63723420329757
0.9970837821810681,57.656175128109695
0.9970893005395222,57.67511605292182
0.9970948084555876,57.69405697773394
0.9971003059490247,57.71299790254607
0.9971057930395558,57.7319388273582
0.9971112697468664,57.75087975217032
0.9971167360906048,57.76982067698245
0.997122192090382,57.788761601794576
0.9971276377657716,57.8077025266067
0.9971330731363107,57.826643451418825
0.9971384982214992,57.845584376230946
0.9971439130408,57.864525301043074
0.9971493176136392,57.8834662258552
0.997154711959406,57.90240715066732
0.9971600960974534,57.92134807547945
0.9971654700470974,57.94028900029158
0.9971708338276176,57.9592299251037
0.9971761874582566,57.97817084991583
0.9971815309582216,57.997111774727955
0.9971868643466822,58.016052699540076
0.9971921876427731,58.034993624352204
0.9971975008655914,58.05393454916433
0.9972028040341995,58.07287547397645
0.9972080971676224,58.09181639878858
0.99721338028485,58.1107573236007
0.9972186534048357,58.12969824841283
0.9972239165464974,58.14863917322496
0.9972291697287171,58.16758009803708
0.9972344129703412,58.186521022849206
0.9972396462901798,58.205461947661334
0.9972448697070083,58.224402872473455
0.9972500832395662,58.24334379728558
0.9972552869065574,58.26228472209771
0.9972604807266504,58.28122564690983
0.9972656647184786,58.30016657172196
0.9972708389006398,58.31910749653408
0.9972760032916972,58.33804842134621
0.9972811579101782,58.356989346158336
0.9972863027745758,58.37593027097046
0.9972914379033474,58.394871195782585
0.9972965633149156,58.41381212059471
0.9973016790276684,58.432753045406834
0.9973067850599591,58.45169397021896
0.9973118814301056,58.47063489503109
0.9973169681563918,58.48957581984321
0.997322045257067,58.50851674465534
0.9973271127503452,58.527457669467466
0.9973321706544069,58.54639859427959
0.9973372189873977,58.565339519091715
0.9973422577674289,58.584280443903836
0.9973472870125775,58.603221368715964
0.9973523067408866,58.62216229352809
0.9973573169703646,58.64110321834021
0.9973623177189861,58.66004414315234
0.9973673090046921,58.67898506796447
0.9973722908453888,58.69792599277659
0.9973772632589495,58.71686691758872
0.9973822262632127,58.735807842400845
0.997387179875984,58.754748767212966
0.9973921241150348,58.773689692025094
0.9973970589981027,58.792630616837215
0.9974019845428923,58.81157154164934
0.9974069007670744,58.83051246646147
0.9974118076882865,58.84945339127359
0.9974167053241325,58.86839431608572
0.9974215936921831,58.88733524089785
0.9974264728099757,58.90627616570997
0.9974313426950143,58.925217090522096
0.9974362033647705,58.944158015334224
0.9974410548366821,58.963098940146345
0.9974458971281545,58.98203986495847
0.9974507302565593,59.0009807897706
0.9974555542392363,59.01992171458272
0.9974603690934917,59.03886263939485
0.9974651748365994,59.05780356420697
0.9974699714858001,59.0767444890191
0.9974747590583026,59.09568541383123
0.9974795375712824,59.11462633864335
0.9974843070418828,59.133567263455475
0.997489067487215,59.1525081882676
0.9974938189243572,59.171449113079724
0.9974985613703558,59.19039003789185
0.9975032948422246,59.20933096270398
0.9975080193569454,59.2282718875161
0.997512734931468,59.24721281232823
0.9975174415827099,59.26615373714036
0.9975221393275563,59.28509466195248
0.9975268281828611,59.304035586764606
0.9975315081654458,59.32297651157673
0.9975361792921004,59.341917436388854
0.9975408415795827,59.36085836120098
0.9975454950446192,59.3797992860131
0.9975501397039048,59.39874021082523
0.9975547755741024,59.41768113563736
0.9975594026718437,59.43662206044948
0.997564021013729,59.45556298526161
0.9975686306163266,59.474503910073736
0.9975732314961739,59.49344483488586
0.9975778236697772,59.512385759697985
0.9975824071536111,59.531326684510105
0.9975869819641194,59.55026760932223
0.9975915481177148,59.56920853413436
0.9975961056307785,59.58814945894648
0.997600654519661,59.60709038375861
0.9976051948006819,59.62603130857074
0.9976097264901298,59.64497223338286
0.9976142496042625,59.66391315819499
0.9976187641593072,59.682854083007115
0.9976232701714601,59.701795007819236
0.9976277676568872,59.720735932631364
0.9976322566317233,59.73967685744349
0.9976367371120731,59.75861778225561
0.997641209114011,59.77755870706774
0.9976456726535804,59.79649963187986
0.9976501277467945,59.81544055669199
0.9976545744096367,59.83438148150412
0.9976590126580595,59.85332240631624
0.9976634425079856,59.872263331128366
0.9976678639753075,59.891204255940494
0.9976722770758873,59.910145180752615
0.9976766818255581,59.92908610556474
0.9976810782401219,59.94802703037687
0.9976854663353509,59.96696795518899
0.9976898461269883,59.98590888000112
0.9976942176307467,60.00484980481325
0.9976985808623093,60.02379072962537
0.9977029358373298,60.042731654437496
0.9977072825714316,60.06167257924962
0.9977116210802092,60.080613504061745
0.9977159513792276,60.09955442887387
0.9977202734840219,60.118495353685994
0.9977245874100981,60.13743627849812
0.9977288931729326,60.15637720331025
0.9977331907879731,60.17531812812237
0.9977374802706374,60.1942590529345
0.9977417616363143,60.213199977746626
0.9977460349003638,60.23214090255875
0.9977503000781164,60.251081827370875
0.9977545571848739,60.270022752182996
0.997758806235909,60.288963676995124
0.9977630472464657,60.30790460180725
0.9977672802317588,60.32684552661937
0.9977715052069747,60.3457864514315
0.9977757221872708,60.36472737624363
0.9977799311877756,60.38366830105575
0.9977841322235899,60.40260922586788
0.9977883253097846,60.421550150680005
0.9977925104614032,60.440491075492126
0.99779668769346,60.459432000304254
0.9978008570209413,60.47837292511638
0.997805018458805,60.4973138499285
0.9978091720219806,60.51625477474063
0.9978133177253695,60.53519569955275
0.9978174555838447,60.55413662436488
0.9978215856122509,60.57307754917701
0.997825707825405,60.59201847398913
0.9978298222380961,60.610959398801256
0.9978339288650847,60.629900323613384
0.9978380277211036,60.648841248425505
0.9978421188208582,60.66778217323763
0.9978462021790253,60.68672309804976
0.9978502778102545,60.70566402286188
0.9978543457291675,60.72460494767401
0.9978584059503584,60.74354587248613
0.9978624584883932,60.76248679729826
0.997866503357811,60.78142772211039
0.9978705405731235,60.80036864692251
0.997874570148814,60.819309571734635
0.9978785920993393,60.83825049654676
0.9978826064391283,60.857191421358884
0.9978866131825828,60.87613234617101
0.9978906123440773,60.89507327098314
0.9978946039379591,60.91401419579526
0.9978985879785487,60.93295512060739
0.9979025644801389,60.95189604541952
0.997906533456996,60.97083697023164
0.9979104949233587,60.989777895043765
0.9979144488934394,61.008718819855886
0.9979183953814234,61.027659744668014
0.9979223344014688,61.04660066948014
0.9979262659677072,61.06554159429226
0.9979301900942436,61.08448251910439
0.997934106795156,61.10342344391652
0.9979380160844962,61.12236436872864
0.9979419179762886,61.14130529354077
0.9979458124845321,61.160246218352896
0.9979496996231982,61.17918714316502
0.9979535794062325,61.198128067977144
0.9979574518475541,61.217068992789265
0.9979613169610556,61.23600991760139
0.9979651747606035,61.25495084241352
0.9979690252600381,61.27389176722564
0.9979728684731733,61.29283269203777
0.9979767044137968,61.3117736168499
0.9979805330956707,61.33071454166202
0.9979843545325304,61.34965546647415
0.997988168738086,61.368596391286275
0.9979919757260212,61.387537316098395
0.9979957755099939,61.40647824091052
0.9979995681036359,61.42541916572265
0.9980033535205535,61.44436009053477
0.9980071317743275,61.4633010153469
0.9980109028785125,61.48224194015902
0.9980146668466376,61.50118286497115
0.9980184236922067,61.52012378978328
0.9980221734286975,61.5390647145954
0.9980259160695627,61.558005639407526
0.9980296516282291,61.576946564219654
0.9980333801180988,61.595887489031774
0.9980371015525478,61.6148284138439
0.9980408159449269,61.63376933865603
0.9980445233085617,61.65271026346815
0.9980482236567534,61.67165118828028
0.9980519170027768,61.69059211309241
0.9980556033598821,61.70953303790453
0.9980592827412945,61.728473962716656
0.9980629551602143,61.74741488752878
0.9980666206298162,61.766355812340905
0.9980702791632509,61.78529673715303
0.998073930773643,61.80423766196515
0.9980775754740937,61.82317858677728
0.9980812132776784,61.84211951158941
0.998084844197448,61.86106043640153
0.9980884682464287,61.88000136121366
0.9980920854376222,61.898942286025786
0.9980956957840055,61.91788321083791
0.9980992992985309,61.936824135650035
0.9981028959941265,61.955765060462156
0.9981064858836957,61.974705985274284
0.9981100689801174,61.99364691008641
0.9981136452962466,62.01258783489853
0.9981172148449133,62.03152875971066
0.9981207776389236,62.05046968452279
0.9981243336910596,62.06941060933491
0.9981278830140788,62.08835153414704
0.9981314256207144,62.107292458959165
0.9981349615236762,62.126233383771286
0.9981384907356494,62.145174308583414
0.9981420132692954,62.16411523339554
0.9981455291372517,62.18305615820766
0.9981490383521318,62.20199708301979
0.9981525409265253,62.22093800783191
0.9981560368729977,62.23987893264404
0.9981595262040912,62.25881985745617
0.9981630089323243,62.27776078226829
0.9981664850701913,62.296701707080416
0.9981699546301631,62.315642631892544
0.9981734176246874,62.334583556704665
0.9981768740661877,62.35352448151679
0.9981803239670645,62.37246540632892
0.9981837673396944,62.39140633114104
0.998187204196431,62.41034725595317
0.998190634549604,62.4292881807653
0.9981940584115204,62.44822910557742
0.9981974757944635,62.467170030389546
0.9982008867106935,62.48611095520167
0.9982042911724475,62.505051880013795
0.9982076891919389,62.52399280482592
0.9982110807813586,62.542933729638044
0.9982144659528743,62.56187465445017
0.9982178447186306,62.5808155792623
0.9982212170907492,62.59975650407442
0.9982245830813283,62.61869742888655
0.9982279427024442,62.63763835369868
0.9982312959661497,62.6565792785108
0.9982346428844748,62.675520203322925
0.9982379834694272,62.694461128135046
0.998241317732991,62.713402052947174
0.9982446456871285,62.7323429777593
0.9982479673437791,62.75128390257142
0.9982512827148594,62.77022482738355
0.9982545918122637,62.78916575219568
0.9982578946478634,62.8081066770078
0.9982611912335081,62.82704760181993
0.9982644815810243,62.845988526632055
0.9982677657022164,62.864929451444176
0.9982710436088665,62.883870376256304
0.9982743153127347,62.90281130106843
0.998277580825558,62.92175222588055
0.998280840159052,62.94069315069268
0.9982840933249099,62.9596340755048
0.9982873403348026,62.97857500031693
0.9982905812003792,62.99751592512906
0.9982938159332662,63.01645684994118
0.998297044545069,63.03539777475331
0.99830026704737,63.054338699565434
0.9983034834517305,63.073279624377555
0.9983066937696896,63.09222054918968
0.9983098980127647,63.11116147400181
0.9983130961924513,63.13010239881393
0.9983162883202229,63.14904332362606
0.9983194744075318,63.16798424843818
0.9983226544658081,63.18692517325031
0.998325828506461,63.20586609806244
0.998328996540877,63.22480702287456
0.9983321585804223,63.243747947686686
0.9983353146364408,63.26268887249881
0.9983384647202548,63.281629797310934
0.9983416088431659,63.30057072212306
0.9983447470164537,63.31951164693519
0.9983478792513769,63.33845257174731
0.9983510055591726,63.35739349655944
0.9983541259510564,63.37633442137157
0.9983572404382232,63.39527534618369
0.9983603490318466,63.414216270995816
0.9983634517430788,63.43315719580794
0.9983665485830511,63.452098120620064
0.9983696395628737,63.47103904543219
0.9983727246936357,63.48997997024431
0.9983758039864052,63.50892089505644
0.9983788774522299,63.52786181986857
0.9983819451021355,63.54680274468069
0.9983850069471277,63.56574366949282
0.9983880629981913,63.584684594304946
0.99839111326629,63.60362551911707
0.998394157762367,63.622566443929195
0.9983971964973444,63.641507368741316
0.9984002294821243,63.66044829355344
0.9984032567275876,63.67938921836557
0.9984062782445949,63.69833014317769
0.9984092940439858,63.71727106798982
0.9984123041365806,63.73621199280195
0.9984153085331774,63.75515291761407
0.998418307244555,63.7740938424262
0.9984213002814719,63.793034767238325
0.9984242876546653,63.811975692050446
0.998427269374853,63.830916616862574
0.9984302454527321,63.8498575416747
0.9984332158989797,63.86879846648682
0.9984361807242523,63.88773939129895
0.9984391399391866,63.90668031611107
0.998442093554399,63.9256212409232
0.9984450415804857,63.94456216573533
0.9984479840280234,63.96350309054745
0.998450920907568,63.982444015359576
0.998453852229656,64.0013849401717
0.9984567780048039,64.02032586498383
0.9984596982435079,64.03926678979595
0.9984626129562446,64.05820771460807
0.9984655221534713,64.0771486394202
0.9984684258456242,64.09608956423233
0.9984713240431212,64.11503048904446
0.9984742167563596,64.13397141385659
0.998477103995717,64.1529123386687
0.9984799857715523,64.17185326348083
0.9984828620942034,64.19079418829295
0.9984857329739897,64.20973511310508
0.9984885984212107,64.22867603791721
0.9984914584461465,64.24761696272932
0.9984943130590577,64.26655788754145
0.9984971622701853,64.28549881235358
0.9985000060897512,64.30443973716571
0.998502844527958,64.32338066197784
0.9985056775949885,64.34232158678996
0.9985085053010067,64.36126251160208
0.9985113276561575,64.3802034364142
0.998514144670566,64.39914436122633
0.9985169563543388,64.41808528603846
0.9985197627175628,64.43702621085059
0.9985225637703061,64.45596713566272
0.9985253595226178,64.47490806047483
0.998528149984528,64.49384898528696
0.9985309351660476,64.51278991009909
0.9985337150771689,64.53173083491122
0.9985364897278646,64.55067175972334
0.9985392591280894,64.56961268453546
0.9985420232877786,64.58855360934758
0.9985447822168491,64.60749453415971
0.9985475359251985,64.62643545897184
0.998550284422706,64.64537638378397
0.9985530277192324,64.6643173085961
0.998555765824619,64.68325823340821
0.9985584987486894,64.70219915822034
0.998561226501248,64.72114008303247
0.9985639490920809,64.7400810078446
0.9985666665309558,64.75902193265672
0.9985693788276215,64.77796285746884
0.9985720859918089,64.79690378228096
0.9985747880332299,64.81584470709309
0.9985774849615784,64.83478563190522
0.9985801767865297,64.85372655671735
0.9985828635177412,64.87266748152948
0.9985855451648517,64.89160840634159
0.9985882217374819,64.91054933115372
0.9985908932452342,64.92949025596585
0.9985935596976928,64.94843118077797
0.9985962211044239,64.9673721055901
0.9985988774749757,64.98631303040221
0.9986015288188779,65.00525395521434
0.9986041751456425,65.02419488002647
0.9986068164647633,65.0431358048386
0.9986094527857167,65.06207672965073
0.9986120841179601,65.08101765446285
0.9986147104709341,65.09995857927497
0.9986173318540609,65.1188995040871
0.9986199482767448,65.13784042889922
0.9986225597483727,65.15678135371135
0.9986251662783131,65.17572227852348
0.9986277678759176,65.19466320333561
0.9986303645505193,65.21360412814772
0.9986329563114342,65.23254505295985
0.9986355431679601,65.25148597777198
0.9986381251293782,65.2704269025841
0.9986407022049508,65.28936782739623
0.998643274403924,65.30830875220835
0.9986458417355254,65.32724967702048
0.9986484042089658,65.3461906018326
0.9986509618334383,65.36513152664473
0.9986535146181181,65.38407245145686
0.9986560625721642,65.40301337626899
0.9986586057047171,65.4219543010811
0.9986611440249009,65.44089522589323
0.9986636775418217,65.45983615070536
0.998666206264569,65.47877707551748
0.9986687302022148,65.49771800032961
0.9986712493638138,65.51665892514173
0.9986737637584038,65.53559984995385
0.9986762733950053,65.55454077476598
0.9986787782826219,65.57348169957811
0.99868127843024,65.59242262439024
0.9986837738468294,65.61136354920237
0.9986862645413425,65.63030447401448
0.9986887505227146,65.64924539882661
0.9986912317998647,65.66818632363874
0.9986937083816945,65.68712724845086
0.998696180277089,65.70606817326299
0.9986986474949163,65.7250090980751
0.9987011100440276,65.74395002288723
0.9987035679332575,65.76289094769936
0.9987060211714245,65.78183187251149
0.9987084697673291,65.80077279732362
0.9987109137297563,65.81971372213575
0.9987133530674737,65.83865464694786
0.9987157877892328,65.85759557175999
0.9987182179037685,65.87653649657211
0.9987206434197987,65.89547742138424
0.9987230643460255,65.91441834619637
0.9987254806911339,65.9333592710085
0.9987278924637929,65.95230019582061
0.9987302996726548,65.97124112063274
0.9987327023263559,65.99018204544487
0.998735100433516,66.009122970257
0.9987374940027381,66.02806389506912
0.9987398830426097,66.04700481988124
0.9987422675617016,66.06594574469337
0.9987446475685684,66.0848866695055
0.9987470230717489,66.10382759431762
0.9987493940797649,66.12276851912975
0.998751760601123,66.14170944394188
0.998754122644313,66.16065036875399
0.998756480217809,66.17959129356612
0.9987588333300695,66.19853221837825
0.9987611819895358,66.21747314319038
0.9987635262046343,66.2364140680025
0.998765865983775,66.25535499281462
0.998768201335352,66.27429591762674
0.9987705322677436,66.29323684243887
0.9987728587893122,66.312177767251
0.9987751809084046,66.33111869206313
0.9987774986333515,66.35005961687526
0.9987798119724679,66.36900054168737
0.9987821209340529,66.3879414664995
0.9987844255263905,66.40688239131163
0.9987867257577483,66.42582331612375
0.998789021636379,66.44476424093588
0.9987913131705185,66.463705165748
0.9987936003683887,66.48264609056012
0.9987958832381948,66.50158701537225
0.9987981617881267,66.52052794018438
0.998800436026359,66.53946886499651
0.9988027059610507,66.55840978980864
0.9988049716003453,66.57735071462075
0.9988072329523711,66.59629163943288
0.9988094900252409,66.615232564245
0.998811742827052,66.63417348905713
0.9988139913658869,66.65311441386926
0.9988162356498119,66.67205533868139
0.9988184756868791,66.6909962634935
0.9988207114851242,66.70993718830563
0.998822943052569,66.72887811311776
0.9988251703972191,66.74781903792989
0.9988273935270652,66.76675996274201
0.998829612450083,66.78570088755413
0.9988318271742332,66.80464181236626
0.9988340377074615,66.82358273717838
0.9988362440576981,66.84252366199051
0.9988384462328586,66.86146458680264
0.9988406442408432,66.88040551161477
0.9988428380895379,66.89934643642688
0.998845027786813,66.91828736123901
0.9988472133405243,66.93722828605114
0.9988493947585126,66.95616921086327
0.9988515720486045,66.9751101356754
0.9988537452186106,66.99405106048751
0.9988559142763273,67.01299198529964
0.9988580792295366,67.03193291011176
0.9988602400860053,67.05087383492389
0.9988623968534855,67.06981475973602
0.9988645495397153,67.08875568454815
0.9988666981524171,67.10769660936026
0.9988688426992995,67.12663753417239
0.9988709831880563,67.14557845898452
0.9988731196263665,67.16451938379664
0.9988752520218951,67.18346030860877
0.9988773803822918,67.20240123342089
0.9988795047151926,67.22134215823301
0.9988816250282185,67.24028308304514
0.9988837413289765,67.25922400785727
0.9988858536250591,67.2781649326694
0.9988879619240442,67.29710585748153
0.9988900662334954,67.31604678229364
0.9988921665609625,67.33498770710577
0.9988942629139799,67.3539286319179
0.9988963553000689,67.37286955673002
0.9988984437267363,67.39181048154215
0.9989005282014741,67.41075140635427
0.9989026087317608,67.4296923311664
0.9989046853250605,67.44863325597852
0.9989067579888231,67.46757418079065
0.9989088267304841,67.48651510560278
0.9989108915574659,67.5054560304149
0.998912952477176,67.52439695522702
0.9989150094970081,67.54333788003915
0.9989170626243419,67.56227880485127
0.9989191118665431,67.5812197296634
0.9989211572309639,67.60016065447553
0.9989231987249417,67.61910157928766
0.9989252363558009,67.63804250409977
0.9989272701308516,67.6569834289119
0.9989293000573901,67.67592435372403
0.9989313261426989,67.69486527853616
0.9989333483940471,67.71380620334828
0.9989353668186891,67.7327471281604
0.9989373814238669,67.75168805297253
0.9989393922168074,67.77062897778465
0.998941399204725,67.78956990259678
0.9989434023948196,67.80851082740891
0.9989454017942779,67.82745175222104
0.998947397410273,67.84639267703315
0.9989493892499645,67.86533360184528
0.9989513773204978,67.8842745266574
0.9989533616290056,67.90321545146953
0.998955342182607,67.92215637628166
0.9989573189884072,67.94109730109378
0.9989592920534981,67.9600382259059
0.998961261384958,67.97897915071803
0.9989632269898526,67.99792007553016
0.9989651888752333,68.01686100034229
0.9989671470481388,68.03580192515442
0.9989691015155941,68.05474284996653
0.9989710522846109,68.07368377477866
0.998972999362188,68.09262469959079
0.9989749427553103,68.11156562440291
0.9989768824709504,68.13050654921504
0.9989788185160667,68.14944747402716
0.9989807508976052,68.16838839883928
0.9989826796224984,68.18732932365141
0.9989846046976659,68.20627024846354
0.998986526130014,68.22521117327567
0.998988443926436,68.2441520980878
0.9989903580938123,68.26309302289991
0.9989922686390098,68.28203394771204
0.9989941755688831,68.30097487252416
0.9989960788902734,68.3199157973363
0.9989979786100089,68.33885672214842
0.998999874734905,68.35779764696055
0.9990017672717644,68.37673857177266
0.9990036562273765,68.39567949658479
0.9990055416085183,68.41462042139692
0.9990074234219537,68.43356134620905
0.999009301674434,68.45250227102117
0.9990111763726974,68.47144319583329
0.9990130475234696,68.49038412064542
0.9990149151334637,68.50932504545754
0.9990167792093796,68.52826597026967
0.9990186397579048,68.5472068950818
0.9990204967857147,68.56614781989393
0.9990223502994708,68.58508874470604
0.9990242003058234,68.60402966951817
0.9990260468114093,68.6229705943303
0.9990278898228531,68.64191151914243
0.9990297293467666,68.66085244395455
0.9990315653897494,68.67979336876667
0.9990333979583883,68.6987342935788
0.9990352270592581,68.71767521839092
0.9990370526989204,68.73661614320305
0.9990388748839253,68.75555706801518
0.9990406936208096,68.7744979928273
0.9990425089160985,68.79343891763942
0.9990443207763047,68.81237984245155
0.9990461292079278,68.83132076726368
0.9990479342174563,68.8502616920758
0.9990497358113656,68.86920261688793
0.9990515339961188,68.88814354170005
0.9990533287781674,68.90708446651217
0.9990551201639503,68.9260253913243
0.9990569081598943,68.94496631613643
0.9990586927724138,68.96390724094856
0.9990604740079113,68.98284816576069
0.9990622518727772,69.0017890905728
0.9990640263733899,69.02073001538493
0.9990657975161152,69.03967094019706
0.9990675653073076,69.05861186500918
0.9990693297533089,69.07755278982131
